time(millisecond),datetime(utc),latitude,longitude,height_above_takeoff(feet),height_above_ground_at_drone_location(feet),ground_elevation_at_drone_location(feet),altitude_above_seaLevel(feet),height_sonar(feet),speed(mph),distance(feet),mileage(feet),satellites,gpslevel,voltage(v),max_altitude(feet),max_ascent(feet),max_speed(mph),max_distance(feet), xSpeed(mph), ySpeed(mph), zSpeed(mph), compass_heading(degrees), pitch(degrees), roll(degrees),isPhoto,isVideo,rc_elevator,rc_aileron,rc_throttle,rc_rudder,rc_elevator(percent),rc_aileron(percent),rc_throttle(percent),rc_rudder(percent),gimbal_heading(degrees),gimbal_pitch(degrees),gimbal_roll(degrees),battery_percent,voltageCell1,voltageCell2,voltageCell3,voltageCell4,voltageCell5,voltageCell6,current(A),battery_temperature(f),altitude(feet),ascent(feet),flycStateRaw,flycState,message,orig_filename,matched_image,python_dtg
178100,2023-03-16 01:46:49,9.6844651691717,100.048583553473,97.440948,118.0774316,9.87702787512,127.95445947512,38.385828,2.4382646,293.714904412,3637.7297752,17,5,0,129.92296347512,99.409452,2.75367314,1132.73297588,-0.447388,-24.382646,0,90, 1.8, 4,0,0,1024,1024,1024,1024,0,0,0,0,75.8,-89.9,0,87,,,,,,,0,32,127.95445947512,97.440948,14,Waypoint,,KP_2023-03-16_08-43-Flight-Airdata.csv,KP_SE_23-03-16-S1_0369.JPG,2023-03-16 01:46:49
180100,2023-03-16 01:46:51,9.6844599915463,100.048387272668,98.4252,119.0616836,9.87702787512,128.93871147512,38.385828,2.3935258,363.72048408,3708.3662604,17,5,0,129.92296347512,99.409452,2.75367314,1132.73297588,0,-23.935258,0,90.1, 5.8, 3.1,0,0,1024,1024,1024,1024,0,0,0,0,75.8,-89.9,0,87,,,,,,,0,32,128.93871147512,98.4252,14,Waypoint,,KP_2023-03-16_08-43-Flight-Airdata.csv,KP_SE_23-03-16-S1_0370.JPG,2023-03-16 01:46:51
182100,2023-03-16 01:46:53,9.68446085522062,100.048189676623,99.081368,119.7178516,9.87702787512,129.59487947512,38.385828,2.4382646,434.12402964,3779.4292548,17,5,0,129.92296347512,99.409452,2.75367314,1132.73297588,0,-24.382646,0,90.1, 4.1, 4.5,0,0,1024,1024,1024,1024,0,0,0,0,75.8,-89.9,0,87,,,,,,,0,32,129.59487947512,99.081368,14,Waypoint,,KP_2023-03-16_08-43-Flight-Airdata.csv,KP_SE_23-03-16-S1_0371.JPG,2023-03-16 01:46:53
184100,2023-03-16 01:46:55,9.68446109874639,100.047991482089,99.409452,120.0459356,9.87702787512,129.92296347512,38.385828,2.4158952,504.94752272,3850.721908,18,5,0,129.92296347512,99.409452,2.75367314,1132.73297588,0,-24.158952,0.223694,90.1, 4.7, 3.9,0,0,1024,1024,1024,1024,0,0,0,0,75.8,-89.9,0,87,,,,,,,0,32,129.92296347512,99.409452,14,Waypoint,,KP_2023-03-16_08-43-Flight-Airdata.csv,KP_SE_23-03-16-S1_0372.JPG,2023-03-16 01:46:55
249700,2023-03-16 01:48:01,9.6847615873491,100.047589786587,97.769032,118.4055156,9.87702787512,128.28254347512,38.385828,2.23694,649.2618318,5659.9739344,18,5,0,130.25104747512,99.737536,2.75367314,1461.2533276,0,22.3694,0,88.6, -24.4, 5.6,0,0,1024,1024,1024,1024,0,0,0,0,75.8,-89.9,0,83,,,,,,,0,32,128.28254347512,97.769032,14,Waypoint,,KP_2023-03-16_08-43-Flight-Airdata.csv,KP_SE_23-03-16-S1_0396.JPG,2023-03-16 01:48:01
251800,2023-03-16 01:48:03,9.68476014583867,100.047783395403,97.769032,118.4055156,9.87702787512,128.28254347512,38.385828,2.2593094,579.88518916,5729.5933592,18,5,0,130.25104747512,99.737536,2.75367314,1461.2533276,-0.223694,22.593094,0,89.1, -24.7, 3.9,0,0,1024,1024,1024,1024,0,0,0,0,75.8,-89.9,0,82,,,,,,,0,32,128.28254347512,97.769032,14,Waypoint,,KP_2023-03-16_08-43-Flight-Airdata.csv,KP_SE_23-03-16-S1_0397.JPG,2023-03-16 01:48:03
254000,2023-03-16 01:48:05,9.68476164717249,100.047984462927,97.769032,118.4055156,9.87702787512,128.28254347512,38.385828,2.1698318,508.03151232,5801.9358812,18,5,0,130.25104747512,99.737536,2.75367314,1461.2533276,0.223694,21.698318,0,88.6, -24.1, 6,0,0,1024,1024,1024,1024,0,0,0,0,75.8,-90,0,82,,,,,,,0,32,128.28254347512,97.769032,14,Waypoint,,KP_2023-03-16_08-43-Flight-Airdata.csv,KP_SE_23-03-16-S1_0398.JPG,2023-03-16 01:48:05
256200,2023-03-16 01:48:08,9.68476503961335,100.04817943169,97.769032,118.4055156,9.87702787512,128.28254347512,38.385828,2.1698318,438.59581456,5872.047432,16,5,0,130.25104747512,99.737536,2.75367314,1461.2533276,0,21.698318,0,88.6, -24.1, 6.4,0,0,1024,1024,1024,1024,0,0,0,0,75.8,-89.9,0,82,,,,,,,0,32,128.28254347512,97.769032,14,Waypoint,,KP_2023-03-16_08-43-Flight-Airdata.csv,KP_SE_23-03-16-S1_0399.JPG,2023-03-16 01:48:08
502100,2023-03-16 01:52:14,9.68594857410076,100.046081592363,97.769032,118.4055156,9.87702787512,128.28254347512,38.385828,1.8790296,1286.33206216,12422.4413424,15,5,0,131.56338347512,101.049872,2.75367314,2192.28681556,0,18.790296,0,88.9, -24.6, 4,0,0,1024,1024,1024,1024,0,0,0,0,75.8,-89.9,0,65,,,,,,,0,32,128.28254347512,97.769032,14,Waypoint,,KP_2023-03-16_08-43-Flight-Airdata.csv,KP_SE_23-03-16-S1_0487.JPG,2023-03-16 01:52:14
504700,2023-03-16 01:52:16,9.68595070063768,100.046279718759,97.769032,118.4055156,9.87702787512,128.28254347512,38.385828,1.8342908,1221.07615456,12493.7011872,15,5,0,131.56338347512,101.049872,2.75367314,2192.28681556,0,18.342908,0,88.8, -24.4, 5.4,0,0,1024,1024,1024,1024,0,0,0,0,75.8,-90,0,65,,,,,,,0,32,128.28254347512,97.769032,14,Waypoint,,KP_2023-03-16_08-43-Flight-Airdata.csv,KP_SE_23-03-16-S1_0488.JPG,2023-03-16 01:52:16
575900,2023-03-16 01:53:27,9.68623409026391,100.044030338149,98.753284,119.3897676,9.87702787512,129.26679547512,38.385828,2.4158952,2016.54862096,14506.0372096,17,5,0,131.56338347512,101.049872,2.75367314,2192.28681556,0,-24.158952,0,90.3, 5, 6.7,0,0,1024,1024,1024,1024,0,0,0,0,75.8,-90,0,60,,,,,,,0,32,129.26679547512,98.753284,14,Waypoint,,KP_2023-03-16_08-43-Flight-Airdata.csv,KP_SE_23-03-16-S1_0515.JPG,2023-03-16 01:53:27
182100,2023-03-18 01:12:41,9.69338089616964,100.034144338959,100.06562,114.1076152,-5.362123203084,108.74549199692,37.72966,0.28185444,1592.35241316,5188.812502,17,5,0,110.71399599692,102.034124,2.75367314,2088.43838704,2.684328,0.894776,0.894776,91.7, -8.8, -19.5,0,0,1024,1024,1024,1024,0,0,0,0,90.2,-89.9,0,64,,,,,,,0,32,108.74549199692,100.06562,14,Waypoint,,KP_2023-03-18_08-09-Flight-Airdata.csv,KP_SW_23-03-18-S1_0705.JPG,2023-03-18 01:12:41
433400,2023-03-18 01:16:52,9.69427208611063,100.03334688906,99.737536,113.7795312,-5.362123203084,108.41740799692,37.72966,2.4382646,1167.9298274,12987.1395232,17,5,0,110.71399599692,102.034124,2.75367314,2394.52763568,0,-24.382646,0.223694,90.3, 6.5, 5.5,0,0,1024,1024,1024,1024,0,0,0,0,90.2,-89.9,0,45,,,,,,,0,32,108.41740799692,99.737536,14,Waypoint,,KP_2023-03-18_08-09-Flight-Airdata.csv,KP_SW_23-03-18-S1_0809.JPG,2023-03-18 01:16:52
574300,2023-03-18 01:33:58,9.69576368677258,100.031005090174,98.097116,112.1719196,-5.412188821484,106.75973077852,38.385828,2.2145706,167.736553924,17754.101618,18,5,0,109.71248677852,101.049872,2.5501116,3576.5093008,0,22.145706,0,89, -24.6, 4.7,0,0,1024,1024,1024,1024,0,0,0,0,90.3,-89.9,0,45,,,,,,,0,32,106.75973077852,98.097116,14,Waypoint,,KP_2023-03-18_08-24-Flight-Airdata.csv,KP_SW_23-03-18-S2_0140.JPG,2023-03-18 01:33:58
141600,2023-03-18 01:43:42,9.69635889544458,100.022606626028,97.769032,108.431762,-0.459008872956,107.97275312704,37.72966,2.2593094,1777.44756344,4020.66942,18,5,0,109.94125712704,99.737536,2.82078134,2892.41479072,-0.223694,22.593094,0,88.6, -23.9, 6.7,0,0,1024,1024,1024,1024,0,0,0,0,90.9,-89.9,0,87,,,,,,,0,32,107.97275312704,97.769032,14,Waypoint,,KP_2023-03-18_08-41-Flight-Airdata.csv,KP_SW_23-03-18-S2_0211.JPG,2023-03-18 01:43:42
143800,2023-03-18 01:43:44,9.69635724208234,100.022811295976,98.097116,108.759846,-0.459008872956,108.30083712704,37.72966,2.2816788,1704.150317,4094.2586612,18,5,0,109.94125712704,99.737536,2.82078134,2892.41479072,0,22.816788,0,88.4, -23.8, 6.8,0,0,1024,1024,1024,1024,0,0,0,0,90.9,-89.9,0,87,,,,,,,0,32,108.30083712704,98.097116,14,Waypoint,,KP_2023-03-18_08-41-Flight-Airdata.csv,KP_SW_23-03-18-S2_0212.JPG,2023-03-18 01:43:44
227100,2023-03-18 01:45:07,9.69665010107053,100.027602399138,98.753284,109.416014,-0.459008872956,108.95700512704,37.72966,0.22816788,46.540683904,6367.8479728,18,5,0,111.90976112704,101.70604,2.82078134,2892.41479072,-0.447388,-2.23694,0,90, 18.7, 0.3,0,0,1024,1024,1024,1024,0,0,0,0,90.9,-89.9,0,81,,,,,,,0,32,108.95700512704,98.753284,14,Waypoint,,KP_2023-03-18_08-41-Flight-Airdata.csv,KP_SW_23-03-18-S2_0242.JPG,2023-03-18 01:45:07
277500,2023-03-18 01:45:57,9.69665204829792,100.022716587541,98.753284,109.416014,-0.459008872956,108.95700512704,37.72966,2.4158952,1732.37210268,8125.0658768,16,5,0,111.90976112704,101.70604,2.82078134,2892.41479072,0,-24.158952,0,90.2, 5.3, 3.2,0,0,1024,1024,1024,1024,0,0,0,0,90.9,-89.9,0,78,,,,,,,0,32,108.95700512704,98.753284,14,Waypoint,,KP_2023-03-18_08-41-Flight-Airdata.csv,KP_SW_23-03-18-S2_0266.JPG,2023-03-18 01:45:57
279500,2023-03-18 01:45:59,9.69665178922331,100.022516928713,98.097116,108.759846,-0.459008872956,108.30083712704,37.72966,2.4382646,1804.16016272,8196.850656,17,5,0,111.90976112704,101.70604,2.82078134,2892.41479072,0,-24.382646,0,89.9, 4, 2.9,0,0,1024,1024,1024,1024,0,0,0,0,90.9,-89.9,0,78,,,,,,,0,32,108.30083712704,98.097116,14,Waypoint,,KP_2023-03-18_08-41-Flight-Airdata.csv,KP_SW_23-03-18-S2_0267.JPG,2023-03-18 01:45:59
493200,2023-03-18 01:49:33,9.69724623529222,100.021436467002,98.4252,109.08793,-0.459008872956,108.62892112704,37.72966,2.4382646,2199.56371868,14422.080514,18,5,0,111.90976112704,101.70604,2.82078134,3314.632652,0,-24.382646,0,90.1, 4.7, 3.7,0,0,1024,1024,1024,1024,0,0,0,0,90.9,-89.9,0,62,,,,,,,0,32,108.62892112704,98.4252,14,Waypoint,,KP_2023-03-18_08-41-Flight-Airdata.csv,KP_SW_23-03-18-S2_0346.JPG,2023-03-18 01:49:33
495200,2023-03-18 01:49:35,9.69724633795914,100.021237525161,98.4252,109.08793,-0.459008872956,108.62892112704,37.72966,2.4382646,2270.88589944,14493.6356344,18,5,0,111.90976112704,101.70604,2.82078134,3314.632652,0,-24.382646,0,90.1, 5.9, 3.6,0,0,1024,1024,1024,1024,0,0,0,0,90.9,-89.9,0,62,,,,,,,0,32,108.62892112704,98.4252,14,Waypoint,,KP_2023-03-18_08-41-Flight-Airdata.csv,KP_SW_23-03-18-S2_0347.JPG,2023-03-18 01:49:35
818000,2023-03-18 01:54:58,9.69903009322451,100.021004174629,97.440948,108.103678,-0.459008872956,107.64466912704,37.72966,2.4382646,2489.90821616,23765.7159836,19,5,0,111.90976112704,101.70604,2.82078134,3314.632652,0,-24.382646,0,89.9, 2.6, 4,0,0,1024,1024,1024,1024,0,0,0,0,90.9,-89.9,0,38,,,,,,,0,32,107.64466912704,97.440948,14,Waypoint,,KP_2023-03-18_08-41-Flight-Airdata.csv,KP_SW_23-03-18-S2_0471.JPG,2023-03-18 01:54:58
860900,2023-03-18 01:55:41,9.69932634826521,100.020737879982,99.081368,109.744098,-0.459008872956,109.28508912704,37.72966,1.2750558,2617.14575304,24951.5099848,19,5,0,111.90976112704,101.70604,2.82078134,3314.632652,0,12.750558,0,90.1, 11.6, 3.9,0,0,1024,1024,1024,1024,0,0,0,0,90.9,-89.9,0,35,,,,,,,0,32,109.28508912704,99.081368,14,Waypoint,,KP_2023-03-18_08-41-Flight-Airdata.csv,KP_SW_23-03-18-S2_0487.JPG,2023-03-18 01:55:41
864300,2023-03-18 01:55:44,9.69932733463511,100.020778466769,99.081368,109.744098,-0.459008872956,109.28508912704,37.72966,0.2796175,2603.65165812,24971.9168096,19,5,0,111.90976112704,101.70604,2.82078134,3314.632652,1.342164,-2.460634,0.223694,89.1, 13.9, -8.7,0,0,1024,1024,1024,1024,0,0,0,0,90.9,-89.9,0,35,,,,,,,0,32,109.28508912704,99.081368,14,Waypoint,,KP_2023-03-18_08-41-Flight-Airdata.csv,KP_SW_23-03-18-S2_0488.JPG,2023-03-18 01:55:44
879000,2023-03-18 01:55:59,9.69962526277647,100.019944655717,97.769032,108.431762,-0.459008872956,107.97275312704,37.72966,2.460634,2922.54930612,25302.330206,19,5,0,111.90976112704,101.70604,2.82078134,3314.632652,0,-24.60634,0,89.7, 1.2, 4.4,0,0,1024,1024,1024,1024,0,0,0,0,90.9,-89.9,0,34,,,,,,,0,32,107.97275312704,97.769032,14,Waypoint,,KP_2023-03-18_08-41-Flight-Airdata.csv,KP_SW_23-03-18-S2_0490.JPG,2023-03-18 01:55:59
883800,2023-03-18 01:56:04,9.69962521507543,100.019623657041,99.081368,109.744098,-0.459008872956,109.28508912704,37.72966,0.1565858,3030.61689488,25417.7829656,19,5,0,111.90976112704,101.70604,2.82078134,3314.632652,0,-1.565858,0.223694,89, -22.2, 4.1,0,0,1024,1024,1024,1024,0,0,0,0,90.9,-89.9,0,33,,,,,,,0,32,109.28508912704,99.081368,14,Waypoint,,KP_2023-03-18_08-41-Flight-Airdata.csv,KP_SW_23-03-18-S2_0492.JPG,2023-03-18 01:56:04
888300,2023-03-18 01:56:08,9.69962447269358,100.019624959187,98.4252,109.08793,-0.459008872956,108.62892112704,37.72966,0,3030.08211796,25421.9496324,18,5,0,111.90976112704,101.70604,2.82078134,3314.632652,0,0,0,89.3, -5.7, 4.2,1,0,1024,1024,1024,1024,0,0,0,0,90.9,-89.9,0,33,,,,,,,0,32,108.62892112704,98.4252,15,Go_Home,,KP_2023-03-18_08-41-Flight-Airdata.csv,KP_SW_23-03-18-S2_0493.JPG,2023-03-18 01:56:08
527300,2023-03-18 02:08:56,9.69797458191904,100.011773090821,98.4252,98.4252,4.249648101868,102.67484810187,38.385828,2.4158952,3084.01584672,15765.7813444,20,5,0,106.61185610187,102.362208,2.84315074,3737.3360776,0,-24.158952,0,90.2, 6.3, 4.1,0,0,1024,1024,1024,1024,0,0,0,0,90.5,-89.2,0,61,,,,,,,0,32,102.67484810187,98.4252,14,Waypoint,,KP_2023-03-18_09-00-Flight-Airdata.csv,KP_SW_23-03-18-S2_0679.JPG,2023-03-18 02:08:56
162000,2023-03-18 03:03:04,9.71007012019395,99.9840571867219,99.737536,99.737536,0,99.737536,35.761156,0.111847,701.47968124,3169.86886784,18,5,0,100.393704,100.393704,2.5501116,1470.00988956,0,-1.11847,0.223694,281.4, -1.2, -2.2,0,0,1024,1024,1024,1024,0,0,0,0,280,-90,0,83,,,,,,,0,32,99.737536,99.737536,14,Waypoint,,KP_2023-03-18_10-00-Flight-Airdata.csv,KP_SW_23-03-18-S2_0872.JPG,2023-03-18 03:03:04
164800,2023-03-18 03:03:07,9.71006908564535,99.9840534880499,101.049872,101.049872,0,101.049872,35.761156,0.23040482,702.3950356,3172.95941912,18,5,0,101.049872,101.049872,2.5501116,1470.00988956,-2.013246,1.11847,0.894776,278.2, 18.1, -16.8,0,0,1024,1024,1024,1024,0,0,0,0,280,-90,0,83,,,,,,,0,32,101.049872,101.049872,14,Waypoint,,KP_2023-03-18_10-00-Flight-Airdata.csv,KP_SW_23-03-18-S2_0873.JPG,2023-03-18 03:03:07
181600,2023-03-18 03:03:24,9.7097889332487,99.9839639033365,98.097116,98.097116,0,98.097116,35.761156,2.4382646,682.32613732,3429.3636268,18,5,0,101.049872,101.049872,2.55234854,1470.00988956,4.697574,-23.935258,0,281, -1.4, -2.5,0,0,1024,1024,1024,1024,0,0,0,0,280.2,-90,0,82,,,,,,,0,32,98.097116,98.097116,14,Waypoint,,KP_2023-03-18_10-00-Flight-Airdata.csv,KP_SW_23-03-18-S2_0876.JPG,2023-03-18 03:03:24
91700,2023-03-18 03:37:54,9.70717624529336,99.9879677570189,98.753284,98.753284,0,98.753284,32.480316,2.44273848,1051.84058484,1959.94428844,19,5,0,101.377956,101.377956,2.55234854,1477.29991604,4.921268,-23.935258,0,281.2, -4, -3.3,0,0,1024,1024,1024,1024,0,0,0,0,281.7,-89.9,0,91,,,,,,,0,32,98.753284,98.753284,14,Waypoint,,KP_2023-03-18_10-36-Flight-Airdata.csv,KP_SW_23-03-18-S3_0477.JPG,2023-03-18 03:37:54
311200,2023-03-19 09:51:09,9.67020283452411,100.067668090176,98.753284,124.1141772,-0.039338912020002,124.07483828798,39.041996,2.27720492,697.56563912,7616.3716348,19,5,0,126.69951028798,101.377956,2.81630746,1808.47118648,-4.250186,22.3694,0,281.2, 16.6, 1.7,0,0,1024,1024,1024,1024,0,0,0,0,276.4,-89.9,0,77,,,,,,,0,32,124.07483828798,98.753284,14,Waypoint,,KP_2023-03-19_16-45-Flight-Airdata.csv,KP_SE_23-03-19_0572.JPG,2023-03-19 09:51:09
360100,2023-03-19 09:51:58,9.67000822792876,100.067211656932,97.440948,122.8018412,-0.039338912020002,122.76250228798,39.041996,2.27720492,829.17653572,8927.329682,19,5,0,126.69951028798,101.377956,2.81630746,1808.47118648,4.250186,-22.3694,-0.223694,281.3, -5.9, -3.7,0,0,1024,1024,1024,1024,0,0,0,0,276.4,-89.9,0,74,,,,,,,0,32,122.76250228798,97.440948,14,Waypoint,,KP_2023-03-19_16-45-Flight-Airdata.csv,KP_SE_23-03-19_0591.JPG,2023-03-19 09:51:58
362100,2023-03-19 09:52:00,9.67004208216089,100.06702844143,97.769032,123.1299252,-0.039338912020002,123.09058628798,39.041996,2.29957432,896.04989744,8994.3900516,19,5,0,126.69951028798,101.377956,2.81630746,1808.47118648,4.250186,-22.593094,0,281.3, -7.1, -2,0,0,1024,1024,1024,1024,0,0,0,0,276.4,-89.9,0,73,,,,,,,0,32,123.09058628798,97.769032,14,Waypoint,,KP_2023-03-19_16-45-Flight-Airdata.csv,KP_SE_23-03-19_0592.JPG,2023-03-19 09:52:00
499400,2023-03-19 09:54:17,9.66884680743785,100.068860074249,98.753284,124.1141772,-0.039338912020002,124.07483828798,39.041996,2.3040482,296.703093484,12514.5017128,19,5,0,126.69951028798,101.377956,2.81630746,1808.47118648,-4.47388,22.593094,0,281, 14.5, -1.9,0,0,1024,1024,1024,1024,0,0,0,0,276.4,-89.9,0,64,,,,,,,0,32,124.07483828798,98.753284,14,Waypoint,,KP_2023-03-19_16-45-Flight-Airdata.csv,KP_SE_23-03-19_0639.JPG,2023-03-19 09:54:17
637600,2023-03-19 09:56:35,9.66769250028015,100.068926787256,97.769032,123.1299252,-0.039338912020002,123.09058628798,39.041996,2.11838218,658.5794174,15648.9834404,19,5,0,126.69951028798,101.377956,2.81630746,1808.47118648,-4.026492,20.803542,0,282.6, 23.9, 6.6,0,0,1024,1024,1024,1024,0,0,0,0,276.4,-89.9,0,54,,,,,,,0,32,123.09058628798,97.769032,14,Waypoint,,KP_2023-03-19_16-45-Flight-Airdata.csv,KP_SE_23-03-19_0683.JPG,2023-03-19 09:56:35
639800,2023-03-19 09:56:37,9.66766077723815,100.069131077234,98.4252,123.7860932,-0.039338912020002,123.74675428798,39.041996,2.27273104,653.27757996,15723.3928916,19,5,0,126.69951028798,101.377956,2.81630746,1808.47118648,-4.026492,22.3694,-0.223694,281.2, 24.6, 1.5,0,0,1024,1024,1024,1024,0,0,0,0,276.4,-89.9,0,54,,,,,,,0,32,123.74675428798,98.4252,14,Waypoint,,KP_2023-03-19_16-45-Flight-Airdata.csv,KP_SE_23-03-19_0684.JPG,2023-03-19 09:56:37
669600,2023-03-19 09:57:07,9.66739398233416,100.069064566248,99.081368,124.4422612,-0.039338912020002,124.40292228798,39.041996,1.29966214,753.30054904,16297.0477656,19,5,0,126.69951028798,101.377956,2.81630746,1808.47118648,2.460634,-12.750558,0,280.5, 17.5, -2.4,0,0,1024,1024,1024,1024,0,0,0,0,276.4,-89.9,0,52,,,,,,,0,32,124.40292228798,99.081368,14,Waypoint,,KP_2023-03-19_16-45-Flight-Airdata.csv,KP_SE_23-03-19_0692.JPG,2023-03-19 09:57:07
675900,2023-03-19 09:57:13,9.66740334693286,100.069018086046,97.769032,123.1299252,-0.039338912020002,123.09058628798,39.041996,0,753.12666452,16318.6356928,19,5,0,126.69951028798,101.377956,2.81630746,1808.47118648,0,0,0,305.5, 6.3, 0.5,0,0,1024,1024,1024,1024,0,0,0,0,276.4,-89.9,0,51,,,,,,,0,32,123.09058628798,97.769032,15,Go_Home,,KP_2023-03-19_16-45-Flight-Airdata.csv,KP_SE_23-03-19_0693.JPG,2023-03-19 09:57:13
711300,2023-03-19 09:57:49,9.66753531130052,100.069082246324,78.083992,103.4448852,-0.039338912020002,103.40554628798,39.041996,0,701.43703032,16391.3719156,19,5,0,155.89898628798,130.577432,2.81630746,1808.47118648,0,0,2.23694,11.9, 4.3, 7.2,0,0,1024,1024,364,1024,0,0,-100,0,4.5,-89.9,0,49,,,,,,,0,32,103.40554628798,78.083992,6,P-GPS,,KP_2023-03-19_16-45-Flight-Airdata.csv,KP_SE_23-03-19_0694.JPG,2023-03-19 09:57:49
716000,2023-03-19 09:57:54,9.66753474711356,100.069082712757,59.383204,84.7440972,-0.039338912020002,84.70475828798,39.041996,0,701.607634,16395.8666664,19,5,0,155.89898628798,130.577432,2.81630746,1808.47118648,0,0,0,11.8, 3.7, 5.7,0,0,1024,1024,1024,1024,0,0,0,0,4.5,-89.9,0,49,,,,,,,0,32,84.70475828798,59.383204,6,P-GPS,,KP_2023-03-19_16-45-Flight-Airdata.csv,KP_SE_23-03-19_0695.JPG,2023-03-19 09:57:54
725700,2023-03-19 09:58:03,9.66753555611049,100.069083150408,47.900264,73.2611572,-0.039338912020002,73.22181828798,39.041996,0,701.28939252,16398.786614,19,5,0,155.89898628798,130.577432,2.81630746,1808.47118648,0,0,0,11.8, 4, 6.4,0,0,1024,1024,1024,1024,0,0,0,0,4.5,-89.9,0,48,,,,,,,0,32,73.22181828798,47.900264,6,P-GPS,,KP_2023-03-19_16-45-Flight-Airdata.csv,KP_SE_23-03-19_0696.JPG,2023-03-19 09:58:03
732500,2023-03-19 09:58:10,9.66753445789237,100.069084148349,42.65092,68.0118132,-0.039338912020002,67.97247428798,39.041996,0,701.61747652,16401.0503936,19,5,0,155.89898628798,130.577432,2.81630746,1808.47118648,0,0,0,11.7, 3.6, 6.1,0,0,1024,1024,1024,1024,0,0,0,0,4.5,-89.9,0,48,,,,,,,0,32,67.97247428798,42.65092,6,P-GPS,,KP_2023-03-19_16-45-Flight-Airdata.csv,KP_SE_23-03-19_0697.JPG,2023-03-19 09:58:10
506100,2023-03-20 09:43:41,9.70233192181938,99.9981109395432,98.4252,143.5039416,-16.307006099252,127.19693550075,28.871392,2.3935258,1905.56436544,15094.0621628,19,5,0,130.14969150075,101.377956,2.77604254,2364.18642736,0,-23.935258,0,90.1, 8.6, 2.5,0,0,1024,1024,1024,1024,0,0,0,0,88,-89.9,0,62,,,,,,,0,32,127.19693550075,98.4252,14,Waypoint,,KP_2023-03-20_16-35-Flight-Airdata.csv,KP_SW_23-03-20-S1_0748.JPG,2023-03-20 09:43:41
498300,2023-03-20 10:01:59,9.70501275963972,99.9970659234031,98.097116,143.1102408,-16.103331880136,127.00690891986,28.543308,2.4382646,1129.51447184,15443.3731976,19,5,0,130.28774891986,101.377956,2.83196604,1771.13850812,0,24.382646,0,89.1, -20.6, 4.4,0,0,1024,1024,1024,1024,0,0,0,0,89.7,-89.9,0,62,,,,,,,0,32,127.00690891986,98.097116,14,Waypoint,,KP_2023-03-20_16-53-Flight-Airdata.csv,KP_SW_23-03-20-S2_0157.JPG,2023-03-20 10:01:59
500400,2023-03-20 10:02:01,9.70501257102895,99.9972728776842,97.769032,142.7821568,-16.103331880136,126.67882491986,28.543308,2.4158952,1202.70345056,15517.8154572,19,5,0,130.28774891986,101.377956,2.83196604,1771.13850812,0,24.158952,0,89.1, -23.2, 3.8,0,0,1024,1024,1024,1024,0,0,0,0,89.7,-89.9,0,62,,,,,,,0,32,126.67882491986,97.769032,14,Waypoint,,KP_2023-03-20_16-53-Flight-Airdata.csv,KP_SW_23-03-20-S2_0158.JPG,2023-03-20 10:02:01
502300,2023-03-20 10:02:02,9.70501263003835,99.9974633174928,97.769032,142.7821568,-16.103331880136,126.67882491986,28.543308,2.4382646,1270.16736348,15586.3193964,19,5,0,130.28774891986,101.377956,2.83196604,1771.13850812,0,24.382646,0,89.2, -20.3, 4,0,0,1024,1024,1024,1024,0,0,0,0,89.7,-89.9,0,62,,,,,,,0,32,126.67882491986,97.769032,14,Waypoint,,KP_2023-03-20_16-53-Flight-Airdata.csv,KP_SW_23-03-20-S2_0159.JPG,2023-03-20 10:02:02
504400,2023-03-20 10:02:05,9.70501278725969,99.9976720131151,98.097116,143.1102408,-16.103331880136,127.00690891986,28.543308,2.4158952,1344.2093606,15661.3522072,19,5,0,130.28774891986,101.377956,2.83196604,1771.13850812,0,24.158952,0,89.2, -21.2, 4.1,0,0,1024,1024,1024,1024,0,0,0,0,89.7,-89.9,0,62,,,,,,,0,32,127.00690891986,98.097116,14,Waypoint,,KP_2023-03-20_16-53-Flight-Airdata.csv,KP_SW_23-03-20-S2_0160.JPG,2023-03-20 10:02:05
506300,2023-03-20 10:02:06,9.70501245006309,99.9978606167511,98.097116,143.1102408,-16.103331880136,127.00690891986,28.543308,2.4158952,1411.24020264,15729.1999784,19,5,0,130.28774891986,101.377956,2.83196604,1771.13850812,0,24.158952,0,89.2, -21.5, 4.1,0,0,1024,1024,1024,1024,0,0,0,0,89.7,-89.9,0,62,,,,,,,0,32,127.00690891986,98.097116,14,Waypoint,,KP_2023-03-20_16-53-Flight-Airdata.csv,KP_SW_23-03-20-S2_0161.JPG,2023-03-20 10:02:06
508400,2023-03-20 10:02:09,9.70501292453708,99.9980698015896,98.4252,143.4383248,-16.103331880136,127.33499291986,28.543308,2.4158952,1485.6299688,15804.4296396,19,5,0,130.28774891986,101.377956,2.83196604,1771.13850812,0,24.158952,0,89.2, -20.9, 4.1,0,0,1024,1024,1024,1024,0,0,0,0,89.7,-89.9,0,61,,,,,,,0,32,127.33499291986,98.4252,14,Waypoint,,KP_2023-03-20_16-53-Flight-Airdata.csv,KP_SW_23-03-20-S2_0162.JPG,2023-03-20 10:02:09
510400,2023-03-20 10:02:11,9.7050124369042,99.9982672754458,98.4252,143.4383248,-16.103331880136,127.33499291986,28.543308,2.4382646,1555.97445924,15875.4270172,19,5,0,130.28774891986,101.377956,2.83196604,1771.13850812,0,24.382646,0,89.1, -22.4, 4.3,0,0,1024,1024,1024,1024,0,0,0,0,89.7,-89.9,0,61,,,,,,,0,32,127.33499291986,98.4252,14,Waypoint,,KP_2023-03-20_16-53-Flight-Airdata.csv,KP_SW_23-03-20-S2_0163.JPG,2023-03-20 10:02:11
512400,2023-03-20 10:02:13,9.70501249234974,99.9984519205386,99.081368,144.0944928,-16.103331880136,127.99116091986,28.543308,1.6553356,1621.77498628,15941.8312188,19,5,0,130.28774891986,101.377956,2.83196604,1771.13850812,0,16.553356,0,90.1, 12.6, 4,0,0,1024,1024,1024,1024,0,0,0,0,89.7,-89.9,0,61,,,,,,,0,32,127.99116091986,99.081368,14,Waypoint,,KP_2023-03-20_16-53-Flight-Airdata.csv,KP_SW_23-03-20-S2_0164.JPG,2023-03-20 10:02:13
516300,2023-03-20 10:02:17,9.70501389521074,99.9985216835852,99.409452,144.4225768,-16.103331880136,128.31924491986,28.543308,0.223694,1646.58469836,15971.9821384,19,5,0,130.28774891986,101.377956,2.83196604,1771.13850812,2.23694,0,0.447388,90.6, -4.1, -19.7,0,0,1024,1024,1024,1024,0,0,0,0,89.7,-89.9,0,61,,,,,,,0,32,128.31924491986,99.409452,14,Waypoint,,KP_2023-03-20_16-53-Flight-Airdata.csv,KP_SW_23-03-20-S2_0165.JPG,2023-03-20 10:02:17
130600,2023-03-21 09:07:35,9.750784062997,99.9682535598192,97.112864,120.0459356,0.849163741084,120.89509934108,30.839896,2.43155378,1675.00661528,3200.99747776,19,5,0,124.17593934108,100.393704,2.8409138,1822.35242052,-4.250186,-23.935258,-0.223694,259.6, -10.4, -6.9,0,0,1024,1024,1024,1024,0,0,0,0,260.1,-89.9,0,93,,,,,,,0,32,120.89509934108,97.112864,14,Waypoint,,KP_2023-03-21_16-05-Flight-Airdata.csv,KP_SW_23-03-21-S4_0905.JPG,2023-03-21 09:07:35
152000,2023-03-21 09:07:56,9.75033096943265,99.9674335949715,98.4252,117.4212636,4.786171741084,122.20743534108,30.839896,0.27738056,1962.19494468,3578.740272,19,5,0,124.17593934108,100.393704,2.8409138,1965.12145396,0.894776,3.35541,0,257.6, 22.3, -6.7,0,0,1024,1024,1024,1024,0,0,0,0,260.1,-89.9,0,92,,,,,,,0,32,122.20743534108,98.4252,14,Waypoint,,KP_2023-03-21_16-05-Flight-Airdata.csv,KP_SW_23-03-21-S4_0910.JPG,2023-03-21 09:07:56
158200,2023-03-21 09:08:03,9.75042063016462,99.9679103674811,97.769032,130.8070908,-9.255823458916,121.55126734108,30.839896,2.43155378,1790.95806256,3753.28096,18,5,0,124.17593934108,100.393704,2.8409138,1965.12145396,4.250186,23.935258,0,258.1, 16.3, -6.9,0,0,1024,1024,1024,1024,0,0,0,0,260.1,-89.9,0,91,,,,,,,0,32,121.55126734108,97.769032,14,Waypoint,,KP_2023-03-21_16-05-Flight-Airdata.csv,KP_SW_23-03-21-S4_0912.JPG,2023-03-21 09:08:03
188200,2023-03-21 09:08:33,9.75096004424003,99.9708452851762,98.4252,128.5761196,-6.368684258916,122.20743534108,30.839896,2.43155378,768.84516896,4826.8374248,19,5,0,124.17593934108,100.393704,2.8409138,1965.12145396,4.250186,23.935258,0,258.4, 15.6, -5.2,0,0,1024,1024,1024,1024,0,0,0,0,260.1,-90,0,90,,,,,,,0,32,122.20743534108,98.4252,14,Waypoint,,KP_2023-03-21_16-05-Flight-Airdata.csv,KP_SW_23-03-21-S4_0927.JPG,2023-03-21 09:08:33
346700,2023-03-21 09:17:45,9.73121631540262,99.9786275353372,97.769032,96.6535464,1.1154856,97.769032,37.72966,0.223694,621.09253956,7451.9687424,18,5,0,100.721788,100.721788,2.77156866,1909.26515296,0,-2.23694,0,85.7, 20.7, 3,0,0,1024,1024,1024,1024,0,0,0,0,83.3,-89.9,0,72,,,,,,,0,32,97.769032,97.769032,14,Waypoint,,KP_2023-03-21_16-12-Flight-Airdata.csv,KP_SW_23-03-21-S1_0842.JPG,2023-03-21 09:17:45
350900,2023-03-21 09:17:49,9.73119734759091,99.9783400470954,97.440948,97.440948,0,97.440948,37.72966,2.44721236,603.76314268,7555.6432864,18,5,0,100.721788,100.721788,2.77156866,1909.26515296,-2.013246,-24.382646,-0.223694,85.1, 5.4, 4.5,0,0,1024,1024,1024,1024,0,0,0,0,83.3,-89.9,0,72,,,,,,,0,32,97.440948,97.440948,14,Waypoint,,KP_2023-03-21_16-12-Flight-Airdata.csv,KP_SW_23-03-21-S1_0843.JPG,2023-03-21 09:17:49
571900,2023-03-21 09:21:30,9.73174312455307,99.9740111300882,97.440948,97.440948,0,97.440948,37.72966,2.49195116,1518.98626908,14261.7130548,18,5,0,100.721788,100.721788,2.77156866,1909.26515296,2.013246,24.830034,-0.447388,84.7, -13.9, 4.6,0,0,1024,1024,1024,1024,0,0,0,0,83.3,-90,0,58,,,,,,,0,32,97.440948,97.440948,14,Waypoint,,KP_2023-03-21_16-12-Flight-Airdata.csv,KP_SW_23-03-21-S1_0937.JPG,2023-03-21 09:21:30
573900,2023-03-21 09:21:32,9.73176034847331,99.9742118274239,97.440948,97.440948,0,97.440948,37.72966,2.42260602,1447.74610932,14334.154002,18,5,0,100.721788,100.721788,2.77156866,1909.26515296,1.789552,24.158952,-0.223694,84.5, -14.3, 5,0,0,1024,1024,1024,1024,0,0,0,0,83.3,-90,0,57,,,,,,,0,32,97.440948,97.440948,14,Waypoint,,KP_2023-03-21_16-12-Flight-Airdata.csv,KP_SW_23-03-21-S1_0938.JPG,2023-03-21 09:21:32
1010200,2023-03-21 09:22:15,9.74868532666044,99.9732302616611,97.769032,136.1220516,-14.570784258916,121.55126734108,30.839896,2.40918438,617.87403552,30790.519358,18,5,0,126.14444334108,102.362208,2.8409138,3206.58474828,-4.250186,-23.711564,0,259.4, -12.2, -3.7,0,0,1024,1024,1024,1024,0,0,0,0,260.1,-89.9,0,42,,,,,,,0,32,121.55126734108,97.769032,14,Waypoint,,KP_2023-03-21_16-05-Flight-Airdata.csv,KP_SW_23-03-21-S5_0284.JPG,2023-03-21 09:22:15
1014300,2023-03-21 09:22:19,9.7486123014032,99.9728298710093,97.769032,136.1220516,-14.570784258916,121.55126734108,30.839896,2.43155378,632.6935898,30936.9432472,18,5,0,126.14444334108,102.362208,2.8409138,3206.58474828,-4.250186,-23.935258,0,259.6, -12.6, -4.4,0,0,1024,1024,1024,1024,0,0,0,0,260.1,-89.9,0,42,,,,,,,0,32,121.55126734108,97.769032,14,Waypoint,,KP_2023-03-21_16-05-Flight-Airdata.csv,KP_SW_23-03-21-S5_0286.JPG,2023-03-21 09:22:19
621700,2023-03-21 09:22:20,9.7321335282029,99.9789387533577,98.097116,98.097116,0,98.097116,37.72966,2.40023662,398.53675816,16039.4362088,18,5,0,100.721788,100.721788,2.77156866,1909.26515296,1.789552,23.935258,0,84.3, -17.7, 3.2,0,0,1024,1024,1024,1024,0,0,0,0,83.3,-89.9,0,54,,,,,,,0,32,98.097116,98.097116,14,Waypoint,,KP_2023-03-21_16-12-Flight-Airdata.csv,KP_SW_23-03-21-S1_0962.JPG,2023-03-21 09:22:20
623700,2023-03-21 09:22:22,9.73214938976987,99.9791365020637,98.097116,98.097116,0,98.097116,37.72966,2.42260602,452.1981772,16110.7944788,18,5,0,100.721788,100.721788,2.77156866,1909.26515296,1.789552,24.158952,0,84.6, -15.5, 2.2,0,0,1024,1024,1024,1024,0,0,0,0,83.3,-90,0,54,,,,,,,0,32,98.097116,98.097116,14,Waypoint,,KP_2023-03-21_16-12-Flight-Airdata.csv,KP_SW_23-03-21-S1_0963.JPG,2023-03-21 09:22:22
625700,2023-03-21 09:22:24,9.73216474273318,99.979335657495,97.769032,97.769032,0,97.769032,37.72966,2.42260602,510.744767,16182.6120664,18,5,0,100.721788,100.721788,2.77156866,1909.26515296,1.789552,24.158952,0,84.7, -14.7, 1.8,0,0,1024,1024,1024,1024,0,0,0,0,83.3,-90,0,54,,,,,,,0,32,97.769032,97.769032,14,Waypoint,,KP_2023-03-21_16-12-Flight-Airdata.csv,KP_SW_23-03-21-S1_0964.JPG,2023-03-21 09:22:24
662100,2023-03-21 09:23:00,9.73241771291507,99.978810728647,98.097116,98.097116,0,98.097116,37.72966,2.42260602,300.959327216,17047.9336164,18,5,0,100.721788,100.721788,2.77156866,1909.26515296,-1.789552,-24.158952,0,85.4, 13.6, 4.4,0,0,1024,1024,1024,1024,0,0,0,0,83.3,-90,0,51,,,,,,,0,32,98.097116,98.097116,14,Waypoint,,KP_2023-03-21_16-12-Flight-Airdata.csv,KP_SW_23-03-21-S1_0976.JPG,2023-03-21 09:23:00
709900,2023-03-21 09:23:48,9.7320458766229,99.9740814774804,98.753284,98.753284,0,98.753284,37.72966,2.42260602,1469.05188428,18754.0360332,18,5,0,100.721788,100.721788,2.77156866,1909.26515296,-1.789552,-24.158952,0,85.9, 14, 6.9,0,0,1024,1024,1024,1024,0,0,0,0,83.3,-89.9,0,48,,,,,,,0,32,98.753284,98.753284,14,Waypoint,,KP_2023-03-21_16-12-Flight-Airdata.csv,KP_SW_23-03-21-S2_0001.JPG,2023-03-21 09:23:48
1190500,2023-03-21 09:25:15,9.74832210018492,99.9728911307365,99.081368,137.4343876,-14.570784258916,122.86360334108,30.839896,2.40918438,738.19556168,36868.767584,18,5,0,126.14444334108,102.362208,2.8409138,3206.58474828,4.250186,23.711564,0,258.5, 15.5, -4.4,0,0,1024,1024,1024,1024,0,0,0,0,260.1,-89.9,0,31,,,,,,,0,32,122.86360334108,99.081368,14,Waypoint,,KP_2023-03-21_16-05-Flight-Airdata.csv,KP_SW_23-03-21-S5_0369.JPG,2023-03-21 09:25:15
1192500,2023-03-21 09:25:17,9.74835809708199,99.9730867944732,98.753284,137.1063036,-14.570784258916,122.53551934108,30.839896,2.43155378,728.49083696,36940.289896,18,5,0,126.14444334108,102.362208,2.8409138,3206.58474828,4.250186,23.935258,0,258.4, 14.5, -4.5,0,0,1024,1024,1024,1024,0,0,0,0,260.1,-90,0,31,,,,,,,0,32,122.53551934108,98.753284,14,Waypoint,,KP_2023-03-21_16-05-Flight-Airdata.csv,KP_SW_23-03-21-S5_0370.JPG,2023-03-21 09:25:17
908800,2023-03-21 09:27:07,9.73303272014962,99.9753109875483,97.769032,97.769032,0,97.769032,37.72966,2.42484296,1001.19425776,24711.8446228,18,5,0,100.721788,100.721788,2.77156866,1909.26515296,2.013246,24.158952,-0.223694,84.4, -10.5, 6.2,0,0,1024,1024,1024,1024,0,0,0,0,83.3,-90,0,35,,,,,,,0,32,97.769032,97.769032,14,Waypoint,,KP_2023-03-21_16-12-Flight-Airdata.csv,KP_SW_23-03-21-S2_0083.JPG,2023-03-21 09:27:07
948600,2023-03-21 09:27:47,9.73334287061702,99.9792475964308,97.769032,97.769032,0,97.769032,37.72966,2.42260602,456.59778364,26131.9890252,18,5,0,100.721788,100.721788,2.77156866,1909.26515296,1.789552,24.158952,0,85, -8.8, 1.2,0,0,1024,1024,1024,1024,0,0,0,0,83.3,-90,0,33,,,,,,,0,32,97.769032,97.769032,14,Waypoint,,KP_2023-03-21_16-12-Flight-Airdata.csv,KP_SW_23-03-21-S2_0103.JPG,2023-03-21 09:27:47
58100,2023-03-21 09:28:37,9.74828348571853,99.9743171928305,96.456696,134.7112904,-14.320939762732,120.39035063727,30.511812,2.45616012,907.5295566,1075.20672732,18,5,0,123.01502263727,99.081368,2.76485784,955.71853452,-4.47388,-24.158952,-0.223694,259, -7.6, -2.1,0,0,1024,1024,1024,1024,0,0,0,0,261,-89.9,0,96,,,,,,,0,32,120.39035063727,96.456696,14,Waypoint,,KP_2023-03-21_16-27-Flight-Airdata.csv,KP_SW_23-03-21-S5_0383.JPG,2023-03-21 09:28:37
73900,2023-03-21 09:32:09,9.73352924657247,99.9778580888669,98.4252,98.4252,0,98.4252,38.385828,2.42260602,267.585638484,1623.33010444,18,5,0,99.081368,99.081368,2.76709478,793.33335872,-1.789552,-24.158952,0,85.2, 7.7, 3.9,0,0,1024,1024,1024,1024,0,0,0,0,81.9,-89.9,0,94,,,,,,,0,32,98.4252,98.4252,14,Waypoint,,KP_2023-03-21_16-30-Flight-Airdata.csv,KP_SW_23-03-21-S2_0120.JPG,2023-03-21 09:32:09
75900,2023-03-21 09:32:11,9.73351346028649,99.9776605589425,98.4252,98.4252,0,98.4252,38.385828,2.42260602,294.145022536,1694.59323008,18,5,0,99.081368,99.081368,2.76709478,793.33335872,-1.789552,-24.158952,0,85.3, 8.5, 4,0,0,1024,1024,1024,1024,0,0,0,0,81.9,-89.9,0,94,,,,,,,0,32,98.4252,98.4252,14,Waypoint,,KP_2023-03-21_16-30-Flight-Airdata.csv,KP_SW_23-03-21-S2_0121.JPG,2023-03-21 09:32:11
477600,2023-03-21 09:35:36,9.74738211191549,99.974334239821,98.4252,136.6797944,-14.320939762732,122.35885463727,30.511812,2.43602766,1196.64373908,15031.4637356,18,5,0,124.65544263727,100.721788,2.76485784,3159.95088852,4.47388,23.935258,0,258.3, 16.5, -4.7,0,0,1024,1024,1024,1024,0,0,0,0,261.2,-89.9,0,72,,,,,,,0,32,122.35885463727,98.4252,14,Waypoint,,KP_2023-03-21_16-27-Flight-Airdata.csv,KP_SW_23-03-21-S5_0577.JPG,2023-03-21 09:35:36
412700,2023-03-21 09:37:47,9.73462211242145,99.9766771872903,99.081368,99.081368,0,99.081368,38.385828,2.42260602,829.54727064,12027.4282064,19,5,0,99.737536,99.737536,2.76709478,1733.5630476,-1.789552,-24.158952,0,85.3, 11.2, 4.8,0,0,1024,1024,1024,1024,0,0,0,0,81.9,-89.9,0,73,,,,,,,0,32,99.081368,99.081368,14,Waypoint,,KP_2023-03-21_16-30-Flight-Airdata.csv,KP_SW_23-03-21-S2_0265.JPG,2023-03-21 09:37:47
527400,2023-03-21 09:56:09,9.74510997327638,99.9716187681803,97.440948,97.440948,9.129369058544,106.57031705854,38.057744,2.42036908,1513.0249828,16337.3692892,19,5,0,109.52307305854,100.393704,2.82525522,3766.6339788,-3.579104,-23.935258,0,261.3, -9.7, -3.8,0,0,1024,1024,1024,1024,0,0,0,0,262.9,-89.9,0,70,,,,,,,0,32,106.57031705854,97.440948,14,Waypoint,,KP_2023-03-21_16-47-Flight-Airdata.csv,KP_SW_23-03-21-S5_0918.JPG,2023-03-21 09:56:09
207800,2023-03-21 10:05:59,9.73712336982487,99.9745456338226,97.769032,117.454072,1.601695589312,119.05576758931,37.72966,2.42260602,1669.48496156,6082.2836592,19,5,0,121.02427158931,99.737536,2.73130374,3192.04078456,1.789552,24.158952,0,84.6, -14, 4,0,0,1024,1024,1024,1024,0,0,0,0,81.7,-89.9,0,71,,,,,,,0,32,119.05576758931,97.769032,14,Waypoint,,KP_2023-03-21_17-02-Flight-Airdata.csv,KP_SW_23-03-21-S2_0612.JPG,2023-03-21 10:05:59
154900,2023-03-21 10:21:58,9.73917538843461,99.9704938534894,98.097116,118.3070904,1.096546623016,119.40363702302,36.745408,2.44273848,2652.21137096,4170.0788736,20,5,0,120.71597302302,99.409452,2.76485784,3183.36296276,1.565858,24.382646,-0.223694,84.3, -14.7, 4.8,0,0,1024,1024,1024,1024,0,0,0,0,81.3,-89.9,0,73,,,,,,,0,32,119.40363702302,98.097116,14,Waypoint,,KP_2023-03-21_17-19-Flight-Airdata.csv,KP_SW_23-03-21-S2_0962.JPG,2023-03-21 10:21:58
844700,2023-03-23 08:22:43,9.69984909985063,100.005773345589,98.4252,98.4252,25.3504273204,123.7756273204,38.713912,2.4382646,2071.112271,26625.9522956,18,5,0,125.4160473204,100.06562,2.72011904,2679.06504636,-0.671082,-24.382646,0,88.5, 8.7, 6.8,0,0,1024,1024,1024,1024,0,0,0,0,83.8,-89.9,0,42,,,,,,,0,32,123.7756273204,98.4252,14,Waypoint,,KP_2023-03-23_15-08-Flight-Airdata.csv,KP_SW_23-03-23-S2_0544.JPG,2023-03-23 08:22:43
892500,2023-03-23 08:23:31,9.7001524497193,100.005880659333,97.112864,97.112864,25.3504273204,122.4632913204,38.713912,2.4382646,1979.3635804,27967.0612624,18,5,0,125.4160473204,100.06562,2.72011904,2679.06504636,0.447388,24.382646,-0.223694,87.1, -18, 4.7,0,0,1024,1024,1024,1024,0,0,0,0,83.8,-89.9,0,39,,,,,,,0,32,122.4632913204,97.112864,14,Waypoint,,KP_2023-03-23_15-08-Flight-Airdata.csv,KP_SW_23-03-23-S2_0561.JPG,2023-03-23 08:23:31
1000300,2023-03-23 08:25:20,9.70048965295304,100.016523537888,99.081368,99.081368,25.3504273204,124.4317953204,38.713912,1.14307634,2318.59915556,31796.9498364,18,5,0,125.4160473204,100.06562,2.72011904,2679.06504636,0.447388,9.842536,0,89.9, 14, 9.8,0,0,1024,1024,1024,1024,0,0,0,0,83.8,-89.9,0,31,,,,,,,0,32,124.4317953204,99.081368,14,Waypoint,,KP_2023-03-23_15-08-Flight-Airdata.csv,KP_SW_23-03-23-S2_0615.JPG,2023-03-23 08:25:20
1099600,2023-03-23 08:26:58,9.70295972214468,100.010592710277,130.577432,130.577432,25.3504273204,155.9278593204,38.713912,0,3.3960302924,34296.589024,17,5,0,156.9121113204,131.561684,2.72011904,2679.06504636,0,0,-0.223694,310, 5.4, 1.6,0,0,1024,1024,1024,1024,0,0,0,0,305.1,-89.9,0,25,,,,,,,0,32,155.9278593204,130.577432,15,Go_Home,,KP_2023-03-23_15-08-Flight-Airdata.csv,KP_SW_23-03-23-S2_0634.JPG,2023-03-23 08:26:58
1105400,2023-03-23 08:27:04,9.70296489440196,100.010590358819,131.889768,131.889768,25.3504273204,157.2401953204,38.713912,0.0223694,1.59786094352,34299.54178,17,5,0,157.2401953204,131.889768,2.72011904,2679.06504636,0,-0.223694,0,309.8, 6, 0.8,0,0,1024,1024,1024,1024,0,0,0,0,305.2,-89.9,0,24,,,,,,,0,32,157.2401953204,131.889768,15,Go_Home,,KP_2023-03-23_15-08-Flight-Airdata.csv,KP_SW_23-03-23-S2_0635.JPG,2023-03-23 08:27:04
1110700,2023-03-23 08:27:09,9.70296444124921,100.010594007513,133.858272,133.858272,25.3504273204,159.2086993204,38.713912,0.0223694,2.89866151008,34302.494536,17,5,0,159.2086993204,133.858272,2.72011904,2679.06504636,0,0.223694,0.223694,195.1, -2.5, -4.4,1,0,1024,1024,1024,1024,0,0,0,0,225.5,-90,0,24,,,,,,,0,32,159.2086993204,133.858272,12,AutoLanding,,KP_2023-03-23_15-08-Flight-Airdata.csv,KP_SW_23-03-23-S2_0636.JPG,2023-03-23 08:27:09
1116900,2023-03-23 08:27:15,9.70295844842299,100.010574560481,97.112864,97.112864,25.3504273204,122.4632913204,38.713912,0.0223694,5.1150592188,34313.977476,17,5,0,159.2086993204,133.858272,2.72011904,2679.06504636,0,0.223694,4.697574,260.9, 1.2, -1.2,0,0,1024,1024,1024,1024,0,0,0,0,256.5,-89.9,0,24,,,,,,,0,32,122.4632913204,97.112864,12,AutoLanding,,KP_2023-03-23_15-08-Flight-Airdata.csv,KP_SW_23-03-23-S2_0637.JPG,2023-03-23 08:27:15
1121200,2023-03-23 08:27:20,9.70296060376539,100.010578729604,71.522312,71.522312,25.3504273204,96.8727393204,38.713912,0,3.4423557532,34316.930232,17,5,0,159.2086993204,133.858272,2.72011904,2679.06504636,0,0,3.579104,197.3, -0.8, -3.2,0,0,1024,1024,1024,1024,0,0,0,0,192.9,-90,0,24,,,,,,,0,32,96.8727393204,71.522312,12,AutoLanding,,KP_2023-03-23_15-08-Flight-Airdata.csv,KP_SW_23-03-23-S2_0638.JPG,2023-03-23 08:27:20
357500,2023-03-23 08:34:38,9.70094353642834,100.012199221663,98.4252,98.4252,25.294993263508,123.72019326351,37.72966,2.4158952,937.81827148,10905.5777768,17,5,0,124.70444526351,99.409452,2.7738056,2853.05455324,0.671082,24.158952,0,87.7, -19.4, 1.7,0,0,1024,1024,1024,1024,0,0,0,0,85.6,-89.9,0,71,,,,,,,0,32,123.72019326351,98.4252,14,Waypoint,,KP_2023-03-23_15-28-Flight-Airdata.csv,KP_SW_23-03-23-S2_0753.JPG,2023-03-23 08:34:38
359500,2023-03-23 08:34:40,9.70094944518232,100.012398493579,98.097116,98.097116,25.294993263508,123.39210926351,37.72966,2.4382646,982.08992644,10977.2969392,17,5,0,124.70444526351,99.409452,2.7738056,2853.05455324,0.671082,24.382646,0,87.8, -18.4, 0.9,0,0,1024,1024,1024,1024,0,0,0,0,85.6,-90,0,71,,,,,,,0,32,123.39210926351,98.097116,14,Waypoint,,KP_2023-03-23_15-28-Flight-Airdata.csv,KP_SW_23-03-23-S2_0754.JPG,2023-03-23 08:34:40
361500,2023-03-23 08:34:42,9.70095550718257,100.012596166014,98.4252,98.4252,25.294993263508,123.72019326351,37.72966,2.4382646,1029.01250012,11048.392742,17,5,0,124.70444526351,99.409452,2.7738056,2853.05455324,0.671082,24.382646,0,87.8, -18.5, 1.3,0,0,1024,1024,1024,1024,0,0,0,0,85.6,-90,0,71,,,,,,,0,32,123.72019326351,98.4252,14,Waypoint,,KP_2023-03-23_15-28-Flight-Airdata.csv,KP_SW_23-03-23-S2_0755.JPG,2023-03-23 08:34:42
363600,2023-03-23 08:34:44,9.70096208388742,100.012803673545,98.4252,98.4252,25.294993263508,123.72019326351,37.72966,2.4382646,1081.06630756,11123.0646604,17,5,0,124.70444526351,99.409452,2.7738056,2853.05455324,0.671082,24.382646,0,87.7, -18.6, 1.4,0,0,1024,1024,1024,1024,0,0,0,0,85.6,-90,0,71,,,,,,,0,32,123.72019326351,98.4252,14,Waypoint,,KP_2023-03-23_15-28-Flight-Airdata.csv,KP_SW_23-03-23-S2_0756.JPG,2023-03-23 08:34:44
365500,2023-03-23 08:34:46,9.70096813108392,100.012992283228,98.097116,98.097116,25.294993263508,123.39210926351,37.72966,2.4158952,1130.56434064,11190.94524,17,5,0,124.70444526351,99.409452,2.7738056,2853.05455324,0.671082,24.158952,0,87.7, -19.4, 1.6,0,0,1024,1024,1024,1024,0,0,0,0,85.6,-89.9,0,71,,,,,,,0,32,123.39210926351,98.097116,14,Waypoint,,KP_2023-03-23_15-28-Flight-Airdata.csv,KP_SW_23-03-23-S2_0757.JPG,2023-03-23 08:34:46
367400,2023-03-23 08:34:48,9.70097376418652,100.013181041986,98.097116,98.097116,25.294993263508,123.39210926351,37.72966,2.4158952,1182.0210352,11258.858628,17,5,0,124.70444526351,99.409452,2.7738056,2853.05455324,0.671082,24.158952,0,87.6, -19, 1.2,0,0,1024,1024,1024,1024,0,0,0,0,85.6,-89.9,0,71,,,,,,,0,32,123.39210926351,98.097116,14,Waypoint,,KP_2023-03-23_15-28-Flight-Airdata.csv,KP_SW_23-03-23-S2_0758.JPG,2023-03-23 08:34:48
369400,2023-03-23 08:34:50,9.70098009991915,100.013378739034,98.4252,98.4252,25.294993263508,123.72019326351,37.72966,2.4158952,1237.52300548,11329.9872392,17,5,0,124.70444526351,99.409452,2.7738056,2853.05455324,0.671082,24.158952,0,87.7, -19.5, 1.5,0,0,1024,1024,1024,1024,0,0,0,0,85.6,-89.9,0,71,,,,,,,0,32,123.72019326351,98.4252,14,Waypoint,,KP_2023-03-23_15-28-Flight-Airdata.csv,KP_SW_23-03-23-S2_0759.JPG,2023-03-23 08:34:50
371500,2023-03-23 08:34:52,9.70098631173888,100.01358727812,98.097116,98.097116,25.294993263508,123.39210926351,37.72966,2.4158952,1297.82156384,11405.02005,17,5,0,124.70444526351,99.409452,2.7738056,2853.05455324,0.671082,24.158952,0,87.7, -18.7, 1.2,0,0,1024,1024,1024,1024,0,0,0,0,85.6,-90,0,70,,,,,,,0,32,123.39210926351,98.097116,14,Waypoint,,KP_2023-03-23_15-28-Flight-Airdata.csv,KP_SW_23-03-23-S2_0760.JPG,2023-03-23 08:34:52
460200,2023-03-23 08:36:20,9.70124240900976,100.012254212548,98.4252,98.4252,25.294993263508,123.72019326351,37.72966,2.4158952,868.25462096,14068.077878,17,5,0,124.70444526351,99.409452,2.7738056,2853.05455324,-0.447388,-24.158952,0,88.3, 7.6, 5.3,0,0,1024,1024,1024,1024,0,0,0,0,85.6,-89.9,0,65,,,,,,,0,32,123.72019326351,98.4252,14,Waypoint,,KP_2023-03-23_15-28-Flight-Airdata.csv,KP_SW_23-03-23-S2_0798.JPG,2023-03-23 08:36:20
462200,2023-03-23 08:36:23,9.7012362488661,100.01205649019,98.4252,98.4252,25.294993263508,123.72019326351,37.72966,2.4158952,822.52627304,14139.2392976,17,5,0,124.70444526351,99.409452,2.7738056,2853.05455324,-0.447388,-24.158952,0,88.4, 8.4, 5.2,0,0,1024,1024,1024,1024,0,0,0,0,85.6,-89.9,0,65,,,,,,,0,32,123.72019326351,98.4252,14,Waypoint,,KP_2023-03-23_15-28-Flight-Airdata.csv,KP_SW_23-03-23-S2_0799.JPG,2023-03-23 08:36:23
464100,2023-03-23 08:36:24,9.70123053598772,100.011868588884,98.4252,98.4252,25.294993263508,123.72019326351,37.72966,2.4382646,782.54923764,14206.8246016,17,5,0,124.70444526351,99.409452,2.7738056,2853.05455324,-0.671082,-24.382646,0,88.4, 8.6, 5,0,0,1024,1024,1024,1024,0,0,0,0,85.6,-90,0,64,,,,,,,0,32,123.72019326351,98.4252,14,Waypoint,,KP_2023-03-23_15-28-Flight-Airdata.csv,KP_SW_23-03-23-S2_0800.JPG,2023-03-23 08:36:24
969700,2023-03-23 08:44:50,9.70209333565177,100.010814941307,98.4252,98.4252,25.294993263508,123.72019326351,37.72966,2.4158952,328.23491864,29005.0206132,18,5,0,125.36061326351,100.06562,2.7738056,2880.167415,0.671082,24.158952,0,87.9, -17.9, 1.6,0,0,1024,1024,1024,1024,0,0,0,0,85.6,-89.9,0,29,,,,,,,0,32,123.72019326351,98.4252,14,Waypoint,,KP_2023-03-23_15-28-Flight-Airdata.csv,KP_SW_23-03-23-S3_0014.JPG,2023-03-23 08:44:50
208200,2023-03-23 08:50:47,9.7026689547536,100.010137069986,98.097116,98.097116,25.121606446936,123.21872244694,40.354332,2.4158952,191.321528432,6004.429326,16,5,0,124.53105844694,99.409452,2.68209106,2715.63656984,0.671082,24.158952,0,87.7, -16.7, 1.4,0,0,1024,1024,1024,1024,0,0,0,0,84.1,-89.9,0,83,,,,,,,0,32,123.21872244694,98.097116,14,Waypoint,,KP_2023-03-23_15-47-Flight-Airdata.csv,KP_SW_23-03-23-S3_0101.JPG,2023-03-23 08:50:47
212200,2023-03-23 08:50:51,9.70268170080482,100.010532527649,98.097116,98.097116,25.121606446936,123.21872244694,40.354332,2.4158952,103.382877324,6146.7193568,16,5,0,124.53105844694,99.409452,2.68209106,2715.63656984,0.447388,24.158952,0,87.5, -18.8, 1.6,0,0,1024,1024,1024,1024,0,0,0,0,84.1,-89.9,0,83,,,,,,,0,32,123.21872244694,98.097116,14,Waypoint,,KP_2023-03-23_15-47-Flight-Airdata.csv,KP_SW_23-03-23-S3_0103.JPG,2023-03-23 08:50:51
221900,2023-03-23 08:51:01,9.70269600041091,100.011020449873,98.753284,98.753284,25.121606446936,123.87489044694,40.354332,0.18119214,186.060045324,6330.3151632,17,5,0,124.53105844694,99.409452,2.68209106,2715.63656984,0.894776,-1.565858,0,86.3, 17.9, -9.6,0,0,1024,1024,1024,1024,0,0,0,0,84.1,-89.9,0,82,,,,,,,0,32,123.87489044694,98.753284,14,Waypoint,,KP_2023-03-23_15-47-Flight-Airdata.csv,KP_SW_23-03-23-S3_0106.JPG,2023-03-23 08:51:01
234100,2023-03-23 08:51:13,9.70297690596569,100.010489734091,99.737536,99.737536,25.121606446936,124.85914244694,40.354332,0.2460634,32.4782490708,6552.001522,17,5,0,125.18722644694,100.06562,2.68209106,2715.63656984,0,-2.460634,0.447388,88.9, 23.3, 4,0,0,1024,1024,1024,1024,0,0,0,0,84.1,-89.9,0,81,,,,,,,0,32,124.85914244694,99.737536,14,Waypoint,,KP_2023-03-23_15-47-Flight-Airdata.csv,KP_SW_23-03-23-S3_0107.JPG,2023-03-23 08:51:13
239400,2023-03-23 08:51:18,9.70296756209139,100.010357925053,99.081368,99.081368,25.121606446936,124.20297444694,40.354332,0.22816788,79.415356872,6605.6760644,17,5,0,125.18722644694,100.06562,2.68209106,2715.63656984,-2.23694,0.447388,0.223694,88.3, 1, 24.5,0,0,1024,1024,1024,1024,0,0,0,0,84.1,-89.9,0,81,,,,,,,0,32,124.20297444694,99.081368,14,Waypoint,,KP_2023-03-23_15-47-Flight-Airdata.csv,KP_SW_23-03-23-S3_0108.JPG,2023-03-23 08:51:18
333500,2023-03-23 09:09:53,9.70505788353842,99.9970006784746,98.753284,101.9685072,4.709564127084,106.67807132708,35.104988,2.42036908,2357.68380248,9899.2129152,17,5,0,108.64657532708,100.721788,2.76038396,3554.0683552,7.381902,23.040482,0,251.2, 19, -5.4,0,0,1024,1024,1024,1024,0,0,0,0,250.7,-89.9,0,75,,,,,,,0,32,106.67807132708,98.753284,14,Waypoint,,KP_2023-03-23_16-04-Flight-Airdata.csv,KP_SW_23-03-23-S1_0254.JPG,2023-03-23 09:09:53
335500,2023-03-23 09:09:55,9.70511802006008,99.9971898949591,98.753284,101.9685072,4.709564127084,106.67807132708,35.104988,2.44050154,2290.84981084,9970.7024188,17,5,0,108.64657532708,100.721788,2.76038396,3554.0683552,7.381902,23.264176,0,251.1, 18.5, -5.3,0,0,1024,1024,1024,1024,0,0,0,0,250.7,-90,0,75,,,,,,,0,32,106.67807132708,98.753284,14,Waypoint,,KP_2023-03-23_16-04-Flight-Airdata.csv,KP_SW_23-03-23-S1_0255.JPG,2023-03-23 09:09:55
337600,2023-03-23 09:09:58,9.70518118983518,99.99738951491,98.4252,101.6404232,4.709564127084,106.34998732708,35.104988,2.42036908,2220.6529582,10046.096122,17,5,0,108.64657532708,100.721788,2.76038396,3554.0683552,7.381902,23.040482,0,251.2, 18.3, -5.2,0,0,1024,1024,1024,1024,0,0,0,0,250.7,-89.9,0,74,,,,,,,0,32,106.34998732708,98.4252,14,Waypoint,,KP_2023-03-23_16-04-Flight-Airdata.csv,KP_SW_23-03-23-S1_0256.JPG,2023-03-23 09:09:58
339500,2023-03-23 09:09:59,9.70523809428128,99.9975691617408,98.753284,101.9685072,4.709564127084,106.67807132708,35.104988,2.44050154,2157.78222128,10113.9438932,17,5,0,108.64657532708,100.721788,2.76038396,3554.0683552,7.381902,23.264176,0,251.3, 17.6, -5.1,0,0,1024,1024,1024,1024,0,0,0,0,250.7,-89.9,0,74,,,,,,,0,32,106.67807132708,98.753284,14,Waypoint,,KP_2023-03-23_16-04-Flight-Airdata.csv,KP_SW_23-03-23-S1_0257.JPG,2023-03-23 09:09:59
414100,2023-03-23 09:11:14,9.70521441337895,99.9985352706868,97.769032,100.9842552,4.709564127084,105.69381932708,35.104988,2.41365826,1810.87932304,12405.8731004,18,5,0,109.63082732708,101.70604,2.76038396,3554.0683552,-7.158208,-23.040482,0,252.5, -9.3, -4.8,0,0,1024,1024,1024,1024,0,0,0,0,250.7,-89.9,0,69,,,,,,,0,32,105.69381932708,97.769032,14,Waypoint,,KP_2023-03-23_16-04-Flight-Airdata.csv,KP_SW_23-03-23-S1_0288.JPG,2023-03-23 09:11:14
416100,2023-03-23 09:11:16,9.70515430944603,99.9983458901099,97.769032,100.9842552,4.709564127084,105.69381932708,35.104988,2.42036908,1876.90950888,12477.4282208,18,5,0,109.63082732708,101.70604,2.76038396,3554.0683552,-7.381902,-23.040482,0,252.4, -8.5, -5,0,0,1024,1024,1024,1024,0,0,0,0,250.7,-90,0,69,,,,,,,0,32,105.69381932708,97.769032,14,Waypoint,,KP_2023-03-23_16-04-Flight-Airdata.csv,KP_SW_23-03-23-S1_0289.JPG,2023-03-23 09:11:16
418100,2023-03-23 09:11:18,9.70509405685915,99.9981566686193,97.769032,100.9842552,4.709564127084,105.69381932708,35.104988,2.44050154,1943.26777872,12548.9505328,18,5,0,109.63082732708,101.70604,2.76038396,3554.0683552,-7.381902,-23.040482,0,252.3, -8.8, -4.5,0,0,1024,1024,1024,1024,0,0,0,0,250.7,-90,0,69,,,,,,,0,32,105.69381932708,97.769032,14,Waypoint,,KP_2023-03-23_16-04-Flight-Airdata.csv,KP_SW_23-03-23-S1_0290.JPG,2023-03-23 09:11:18
420000,2023-03-23 09:11:20,9.70503709079945,99.9979765144924,97.769032,100.9842552,4.709564127084,105.69381932708,35.104988,2.42036908,2006.78484112,12616.9951544,18,5,0,109.63082732708,101.70604,2.76038396,3554.0683552,-7.381902,-23.040482,0,252.4, -8.6, -4.9,0,0,1024,1024,1024,1024,0,0,0,0,250.7,-89.9,0,69,,,,,,,0,32,105.69381932708,97.769032,14,Waypoint,,KP_2023-03-23_16-04-Flight-Airdata.csv,KP_SW_23-03-23-S1_0291.JPG,2023-03-23 09:11:20
422000,2023-03-23 09:11:22,9.70497721656396,99.9977875444249,97.769032,100.9842552,4.709564127084,105.69381932708,35.104988,2.42036908,2073.71397712,12688.3862328,18,5,0,109.63082732708,101.70604,2.76038396,3554.0683552,-7.381902,-23.040482,0,252.4, -9, -4.6,0,0,1024,1024,1024,1024,0,0,0,0,250.7,-89.9,0,69,,,,,,,0,32,105.69381932708,97.769032,14,Waypoint,,KP_2023-03-23_16-04-Flight-Airdata.csv,KP_SW_23-03-23-S1_0292.JPG,2023-03-23 09:11:22
424100,2023-03-23 09:11:24,9.7049135635607,99.997588559707,97.769032,100.9842552,4.709564127084,105.69381932708,35.104988,2.41365826,2144.49810012,12763.615894,18,5,0,109.63082732708,101.70604,2.76038396,3554.0683552,-7.381902,-23.040482,0,252.3, -8.9, -4.2,0,0,1024,1024,1024,1024,0,0,0,0,250.7,-89.9,0,69,,,,,,,0,32,105.69381932708,97.769032,14,Waypoint,,KP_2023-03-23_16-04-Flight-Airdata.csv,KP_SW_23-03-23-S1_0293.JPG,2023-03-23 09:11:24
528000,2023-03-23 09:13:08,9.70482021386987,99.9983315806806,98.097116,101.3123392,4.709564127084,106.02190332708,35.104988,2.42036908,1876.6896926,16106.955896,18,5,0,109.63082732708,101.70604,2.76038396,3578.904314,7.381902,23.040482,0,251.4, 18.2, -4.4,0,0,1024,1024,1024,1024,0,0,0,0,250.7,-89.9,0,62,,,,,,,0,32,106.02190332708,98.097116,14,Waypoint,,KP_2023-03-23_16-04-Flight-Airdata.csv,KP_SW_23-03-23-S1_0339.JPG,2023-03-23 09:13:08
530000,2023-03-23 09:13:10,9.70488043223171,99.9985202564942,98.4252,101.6404232,4.709564127084,106.34998732708,35.104988,2.39799968,1809.2356222,16178.2813576,18,5,0,109.63082732708,101.70604,2.76038396,3578.904314,7.381902,22.816788,0,250.8, 20.4, -5.7,0,0,1024,1024,1024,1024,0,0,0,0,250.7,-90,0,62,,,,,,,0,32,106.34998732708,98.4252,14,Waypoint,,KP_2023-03-23_16-04-Flight-Airdata.csv,KP_SW_23-03-23-S1_0340.JPG,2023-03-23 09:13:10
532000,2023-03-23 09:13:12,9.70494112882719,99.9987097900389,98.097116,101.3123392,4.709564127084,106.02190332708,35.104988,2.42036908,1741.78811348,16249.9677116,18,5,0,109.63082732708,101.70604,2.76038396,3578.904314,7.381902,23.040482,0,250.9, 19.1, -5.9,0,0,1024,1024,1024,1024,0,0,0,0,250.7,-90,0,61,,,,,,,0,32,106.02190332708,98.097116,14,Waypoint,,KP_2023-03-23_16-04-Flight-Airdata.csv,KP_SW_23-03-23-S1_0341.JPG,2023-03-23 09:13:12
534000,2023-03-23 09:13:14,9.70500120215893,99.9988995018604,98.4252,101.6404232,4.709564127084,106.34998732708,35.104988,2.42036908,1674.61619532,16321.6212572,18,5,0,109.63082732708,101.70604,2.76038396,3578.904314,7.381902,23.040482,0,251.1, 19.5, -5.5,0,0,1024,1024,1024,1024,0,0,0,0,250.7,-90,0,61,,,,,,,0,32,106.34998732708,98.4252,14,Waypoint,,KP_2023-03-23_16-04-Flight-Airdata.csv,KP_SW_23-03-23-S1_0342.JPG,2023-03-23 09:13:14
433800,2023-03-23 09:31:55,9.70237090277219,99.9981714617143,98.4252,100.7874048,5.736396509024,106.52380130902,35.104988,2.43155378,2127.18510744,11774.3442088,19,5,0,108.16422130902,100.06562,2.72459292,2127.18510744,-5.368656,-23.711564,0,77.2, 8.3, 4.6,0,0,1024,1024,1024,1024,0,0,0,0,75,-89.9,0,72,,,,,,,0,32,106.52380130902,98.4252,14,Waypoint,,KP_2023-03-23_16-24-Flight-Airdata.csv,KP_SW_23-03-23-S1_0691.JPG,2023-03-23 09:31:55
260800,2023-03-23 10:36:10,9.72787692673879,99.9758740694001,98.097116,94.9475096,31.614038413224,126.56154801322,39.37008,2.33983924,1330.22642052,6594.160316,20,5,0,129.18622001322,100.721788,2.82749216,2082.70675956,-5.144962,22.145706,-0.223694,282.9, -7.6, 0,0,0,1024,1024,1024,1024,0,0,0,0,278.1,-90,0,81,,,,,,,0,32,126.56154801322,98.097116,14,Waypoint,,KP_2023-03-23_17-31-Flight-Airdata.csv,KP_SW_23-03-23-S3_0266.JPG,2023-03-23 10:36:10
274300,2023-03-23 10:36:24,9.7275515047903,99.9759808505621,99.737536,91.9291368,36.272831213224,128.20196801322,39.37008,0.29974996,1207.09321448,6760.006778,21,5,0,129.18622001322,100.721788,2.82749216,2082.70675956,1.342164,-2.684328,0.447388,283.8, -20.8, -5.5,0,0,1024,1024,1024,1024,0,0,0,0,278.1,-89.9,0,80,,,,,,,0,32,128.20196801322,99.737536,14,Waypoint,,KP_2023-03-23_17-31-Flight-Airdata.csv,KP_SW_23-03-23-S3_0269.JPG,2023-03-23 10:36:24
278600,2023-03-23 10:36:28,9.72761898952147,99.9756840871787,98.753284,110.5971164,16.620599613224,127.21771601322,39.37008,2.4047105,1250.73494816,6869.586834,21,5,0,129.18622001322,100.721788,2.82749216,2082.70675956,5.144962,-23.48787,0,283.1, -7.5, -3.1,0,0,1024,1024,1024,1024,0,0,0,0,278.1,-90,0,80,,,,,,,0,32,127.21771601322,98.753284,14,Waypoint,,KP_2023-03-23_17-31-Flight-Airdata.csv,KP_SW_23-03-23-S3_0270.JPG,2023-03-23 10:36:28
342200,2023-03-23 10:37:32,9.72735918731249,99.9754793219208,98.753284,113.9435732,13.274142813224,127.21771601322,39.37008,2.43602766,1178.30056264,8702.9530344,20,5,0,129.18622001322,100.721788,2.82749216,2082.70675956,-5.59235,23.711564,0,283.1, 13.2, 0.8,0,0,1024,1024,1024,1024,0,0,0,0,278.1,-90,0,76,,,,,,,0,32,127.21771601322,98.753284,14,Waypoint,,KP_2023-03-23_17-31-Flight-Airdata.csv,KP_SW_23-03-23-S3_0296.JPG,2023-03-23 10:37:32
344200,2023-03-23 10:37:34,9.7273149523898,99.9756698122288,99.409452,104.2979036,23.575980413224,127.87388401322,39.37008,2.40918438,1144.09124396,8773.3270524,21,5,0,129.18622001322,100.721788,2.82749216,2082.70675956,-5.368656,23.48787,0.223694,283, 19, 0.5,0,0,1024,1024,1024,1024,0,0,0,0,278.1,-89.9,0,76,,,,,,,0,32,127.87388401322,99.409452,14,Waypoint,,KP_2023-03-23_17-31-Flight-Airdata.csv,KP_SW_23-03-23-S3_0297.JPG,2023-03-23 10:37:34
371600,2023-03-24 00:24:18,9.67920064944914,100.069215173102,99.737536,102.0997408,13.979465014272,116.07920581427,36.417324,0.2460634,1968.31043044,10349.6394388,17,5,0,116.40728981427,100.06562,2.79841194,2106.74875508,0,2.460634,0.447388,123.4, -19.9, -7.8,0,0,1024,1024,1024,1024,0,0,0,0,117.8,-89.9,0,75,,,,,,,0,32,116.07920581427,99.737536,14,Waypoint,,KP_2023-03-24_07-18-Flight-Airdata.csv,KP_SE_23-03-24-S1_0946.JPG,2023-03-24 00:24:18
490700,2023-03-24 08:36:31,9.74365594897069,99.9726525598385,98.4252,117.782156,1.215101416836,118.99725741684,40.682416,2.41813214,2209.6293358,13960.466326,18,5,0,123.59043341684,103.018376,2.78722724,4114.6326776,9.171454,22.3694,0,247, 11.1, -0.3,0,0,1024,1024,1024,1024,0,0,0,0,245.9,-90,0,73,,,,,,,0,32,118.99725741684,98.4252,14,Waypoint,,KP_2023-03-24_15-28-Flight-Airdata.csv,KP_SW_23-03-24-S1_0791.JPG,2023-03-24 08:36:31
576900,2023-03-24 08:37:57,9.74331051250103,99.9725989401968,97.440948,116.797904,1.215101416836,118.01300541684,40.682416,2.4382646,2160.27894052,16670.3089324,17,5,0,123.59043341684,103.018376,2.78722724,4114.6326776,-9.171454,-22.593094,0,247.6, -15.3, -4,0,0,1024,1024,1024,1024,0,0,0,0,245.9,-89.9,0,68,,,,,,,0,32,118.01300541684,97.440948,14,Waypoint,,KP_2023-03-24_15-28-Flight-Airdata.csv,KP_SW_23-03-24-S1_0829.JPG,2023-03-24 08:37:57
578900,2023-03-24 08:38:00,9.74323432274548,99.9724156276141,97.440948,116.797904,1.215101416836,118.01300541684,40.682416,2.41813214,2204.28484744,16741.8312444,18,5,0,123.59043341684,103.018376,2.78722724,4114.6326776,-9.171454,-22.3694,0,247.5, -16.9, -2.4,0,0,1024,1024,1024,1024,0,0,0,0,245.9,-89.9,0,68,,,,,,,0,32,118.01300541684,97.440948,14,Waypoint,,KP_2023-03-24_15-28-Flight-Airdata.csv,KP_SW_23-03-24-S1_0830.JPG,2023-03-24 08:38:00
354200,2023-03-24 08:57:30,9.73976696802044,99.970251191219,97.769032,117.1916048,1.35047740542,118.54208220542,39.041996,2.4270799,2723.47777744,10715.551524,16,5,0,121.49483820542,100.721788,2.80064888,3693.0447376,-9.395148,-22.3694,0,247.7, -12.4, -5.8,0,0,1024,1024,1024,1024,0,0,0,0,242.6,-90,0,77,,,,,,,0,32,118.54208220542,97.769032,14,Waypoint,,KP_2023-03-24_15-51-Flight-Airdata.csv,KP_SW_23-03-24-S1_0249.JPG,2023-03-24 08:57:30
366300,2023-03-24 08:57:42,9.73930644334036,99.9691420501279,98.097116,117.5196888,1.35047740542,118.87016620542,39.041996,2.41813214,3137.52306628,11148.3599368,17,5,0,121.49483820542,100.721788,2.80064888,3693.0447376,-9.171454,-22.3694,0,247.9, -13.8, -6.4,0,0,1024,1024,1024,1024,0,0,0,0,242.6,-89.9,0,76,,,,,,,0,32,118.87016620542,98.097116,14,Waypoint,,KP_2023-03-24_15-51-Flight-Airdata.csv,KP_SW_23-03-24-S1_0255.JPG,2023-03-24 08:57:42
419000,2023-03-24 08:58:35,9.73937121690306,99.9700666996684,98.753284,118.1758568,1.35047740542,119.52633420542,39.041996,2.41813214,2804.71465668,12600.8206132,17,5,0,121.49483820542,100.721788,2.80064888,3693.0447376,9.171454,22.3694,0,246.7, 15.9, -2.5,0,0,1024,1024,1024,1024,0,0,0,0,242.6,-90,0,72,,,,,,,0,32,119.52633420542,98.753284,14,Waypoint,,KP_2023-03-24_15-51-Flight-Airdata.csv,KP_SW_23-03-24-S1_0275.JPG,2023-03-24 08:58:35
421000,2023-03-24 08:58:37,9.73944718924927,99.9702495578903,98.753284,118.1758568,1.35047740542,119.52633420542,39.041996,2.41813214,2735.98105868,12672.1788832,17,5,0,121.49483820542,100.721788,2.80064888,3693.0447376,9.171454,22.3694,0,246.7, 17.5, -2.3,0,0,1024,1024,1024,1024,0,0,0,0,242.6,-89.9,0,72,,,,,,,0,32,119.52633420542,98.753284,14,Waypoint,,KP_2023-03-24_15-51-Flight-Airdata.csv,KP_SW_23-03-24-S1_0276.JPG,2023-03-24 08:58:37
523600,2023-03-24 09:00:20,9.73917507472735,99.9703762185124,97.769032,117.1916048,1.35047740542,118.54208220542,39.041996,2.44721236,2705.02305244,16060.7288604,17,5,0,121.49483820542,100.721788,2.80064888,3693.0447376,-9.395148,-22.593094,0,247.5, -14.9, -2.7,0,0,1024,1024,1024,1024,0,0,0,0,242.6,-90,0,65,,,,,,,0,32,118.54208220542,97.769032,14,Waypoint,,KP_2023-03-24_15-51-Flight-Airdata.csv,KP_SW_23-03-24-S1_0310.JPG,2023-03-24 09:00:20
280300,2023-03-25 00:33:46,9.72451711485092,99.9762368877898,99.081368,69.0944904,45.943668793032,115.03815919303,35.433072,0.32659324,788.5170856,7602.0999808,17,5,0,116.35049519303,100.393704,2.82525522,1917.53943144,0.894776,-3.131716,0.223694,274.5, -20.5, -3.8,0,0,1024,1024,1024,1024,0,0,0,0,274.7,-89.9,0,80,,,,,,,0,32,115.03815919303,99.081368,14,Waypoint,,KP_2023-03-25_07-29-Flight-Airdata.csv,KP_SW_23-03-25-S1_0842.JPG,2023-03-25 00:33:46
142200,2023-03-25 00:35:15,9.7225006749711,99.9769505836112,97.769032,106.5944916,13.413870507984,119.84432010798,38.713912,0.33330406,68.759188552,86.187994884,17,5,0,120.50048810798,98.4252,1.47861734,70.413716164,-1.11847,-3.131716,0,251.1, -22.5, 0.5,0,0,1024,1024,1024,1024,0,0,0,0,252.4,-89.9,0,88,,,,,,,0,32,119.84432010798,97.769032,14,Waypoint,,KP_2023-03-25_07-34-Flight-Airdata.csv,KP_SW_23-03-25-S3_0837.JPG,2023-03-25 00:35:15
375300,2023-03-25 00:35:21,9.72393025494708,99.9761050397347,98.4252,98.8845176,15.497473593032,114.38199119303,35.433072,2.46734482,612.4672112,10373.8192296,17,5,0,116.35049519303,100.393704,2.82525522,1917.53943144,1.789552,-24.60634,0,274, -8.5, -0.4,0,0,1024,1024,1024,1024,0,0,0,0,274.7,-89.9,0,74,,,,,,,0,32,114.38199119303,98.4252,14,Waypoint,,KP_2023-03-25_07-29-Flight-Airdata.csv,KP_SW_23-03-25-S1_0879.JPG,2023-03-25 00:35:21
401100,2023-03-25 00:35:47,9.72412881629657,99.9735477592573,98.097116,98.5564336,15.497473593032,114.05390719303,35.433072,2.42260602,1365.2231408,11296.2930124,17,5,0,116.35049519303,100.393704,2.82525522,1917.53943144,1.789552,-24.158952,0,274.1, -12.3, -0.1,0,0,1024,1024,1024,1024,0,0,0,0,274.7,-89.9,0,72,,,,,,,0,32,114.05390719303,98.097116,14,Waypoint,,KP_2023-03-25_07-29-Flight-Airdata.csv,KP_SW_23-03-25-S1_0892.JPG,2023-03-25 00:35:47
422300,2023-03-25 00:36:08,9.72381906491226,99.9737096652101,97.769032,98.2283496,15.497473593032,113.72582319303,35.433072,2.42260602,1265.29531608,11762.1066756,17,5,0,116.35049519303,100.393704,2.82525522,1917.53943144,-1.789552,24.158952,-0.223694,274.1, 13.7, -0.4,0,0,1024,1024,1024,1024,0,0,0,0,274.7,-89.9,0,71,,,,,,,0,32,113.72582319303,97.769032,14,Waypoint,,KP_2023-03-25_07-29-Flight-Airdata.csv,KP_SW_23-03-25-S1_0898.JPG,2023-03-25 00:36:08
444300,2023-03-25 00:36:30,9.72364985807202,99.9758905543632,98.4252,98.8845176,15.497473593032,114.38199119303,35.433072,2.42260602,574.35697376,12548.8192992,17,5,0,116.35049519303,100.393704,2.82525522,1917.53943144,-1.789552,24.158952,0,274, 15.6, -0.8,0,0,1024,1024,1024,1024,0,0,0,0,274.7,-89.9,0,69,,,,,,,0,32,114.38199119303,98.4252,14,Waypoint,,KP_2023-03-25_07-29-Flight-Airdata.csv,KP_SW_23-03-25-S1_0909.JPG,2023-03-25 00:36:30
492700,2023-03-25 00:37:19,9.72352259936432,99.9736982595758,98.097116,98.5564336,15.497473593032,114.05390719303,35.433072,2.42260602,1231.31237536,13915.7484768,18,5,0,116.35049519303,100.393704,2.82525522,1917.53943144,1.789552,-24.158952,0,274, -10.9, -0.3,0,0,1024,1024,1024,1024,0,0,0,0,274.7,-89.9,0,66,,,,,,,0,32,114.05390719303,98.097116,14,Waypoint,,KP_2023-03-25_07-29-Flight-Airdata.csv,KP_SW_23-03-25-S1_0928.JPG,2023-03-25 00:37:19
494700,2023-03-25 00:37:21,9.7235379199662,99.9735008553312,98.097116,98.5564336,15.497473593032,114.05390719303,35.433072,2.28838962,1300.63324372,13986.9427048,18,5,0,116.35049519303,100.393704,2.82525522,1917.53943144,1.789552,-22.816788,-0.223694,274, 10.4, -0.6,0,0,1024,1024,1024,1024,0,0,0,0,274.7,-89.9,0,66,,,,,,,0,32,114.05390719303,98.097116,14,Waypoint,,KP_2023-03-25_07-29-Flight-Airdata.csv,KP_SW_23-03-25-S1_0929.JPG,2023-03-25 00:37:21
125800,2023-03-25 00:56:36,9.71913524590857,99.9793152021764,98.097116,115.4199512,-2.844337689444,112.57561351056,38.057744,2.42036908,600.81694836,2697.7855194,18,5,0,114.54411751056,100.06562,2.7738056,1080.20344664,-1.565858,24.158952,0,273.9, 15.5, -0.6,0,0,1024,1024,1024,1024,0,0,0,0,273.7,-89.9,0,92,,,,,,,0,32,112.57561351056,98.097116,14,Waypoint,,KP_2023-03-25_07-54-Flight-Airdata.csv,KP_SW_23-03-25-S2_0022.JPG,2023-03-25 00:56:36
127800,2023-03-25 00:56:38,9.71912180542702,99.9795132437718,98.4252,115.7480352,-2.844337689444,112.90369751056,38.057744,2.42036908,653.39240936,2769.17331696,18,5,0,114.54411751056,100.06562,2.7738056,1080.20344664,-1.565858,24.158952,0,273.9, 16, -0.8,0,0,1024,1024,1024,1024,0,0,0,0,273.7,-89.9,0,91,,,,,,,0,32,112.90369751056,98.4252,14,Waypoint,,KP_2023-03-25_07-54-Flight-Airdata.csv,KP_SW_23-03-25-S2_0023.JPG,2023-03-25 00:56:38
164700,2023-03-25 00:57:15,9.71872284556552,99.9809986370281,98.4252,115.7480352,-2.844337689444,112.90369751056,38.057744,2.39799968,1168.58271456,3721.9161296,18,5,0,114.87220151056,100.393704,2.7738056,1329.888494,1.565858,-23.935258,0,274.1, -12.6, -0.7,0,0,1024,1024,1024,1024,0,0,0,0,273.7,-90,0,89,,,,,,,0,32,112.90369751056,98.4252,14,Waypoint,,KP_2023-03-25_07-54-Flight-Airdata.csv,KP_SW_23-03-25-S2_0036.JPG,2023-03-25 00:57:15
166700,2023-03-25 00:57:17,9.71873657115734,99.9808014505667,98.097116,115.4199512,-2.844337689444,112.57561351056,38.057744,2.42036908,1105.70541596,3793.0119324,18,5,0,114.87220151056,100.393704,2.7738056,1329.888494,1.565858,-24.158952,0,274.1, -11.3, -1.2,0,0,1024,1024,1024,1024,0,0,0,0,273.7,-89.9,0,89,,,,,,,0,32,112.57561351056,98.097116,14,Waypoint,,KP_2023-03-25_07-54-Flight-Airdata.csv,KP_SW_23-03-25-S2_0037.JPG,2023-03-25 00:57:17
729500,2023-03-25 01:06:40,9.71703812889057,99.9752266578412,98.097116,115.4199512,-2.844337689444,112.57561351056,38.057744,2.51208362,1623.25792596,21848.8195968,19,5,0,114.87220151056,100.393704,2.7738056,1919.72447088,-1.789552,25.053728,-0.223694,274.1, 15.2, -0.3,0,0,1024,1024,1024,1024,0,0,0,0,273.7,-89.9,0,53,,,,,,,0,32,112.57561351056,98.097116,14,Waypoint,,KP_2023-03-25_07-54-Flight-Airdata.csv,KP_SW_23-03-25-S2_0281.JPG,2023-03-25 01:06:40
587600,2023-03-25 01:24:28,9.71291015740677,99.9826391997852,97.769032,97.769032,9.094167941932,106.86319994193,37.401576,2.4270799,2699.64575568,17654.2328484,19,5,0,109.48787194193,100.393704,2.7514362,3348.6877712,-5.144962,23.711564,0,101.8, -11.9, 0.9,0,0,1024,1024,1024,1024,0,0,0,0,102.7,-89.9,0,65,,,,,,,0,32,106.86319994193,97.769032,14,Waypoint,,KP_2023-03-25_08-14-Flight-Airdata.csv,KP_SW_23-03-25-S2_0592.JPG,2023-03-25 01:24:28
589700,2023-03-25 01:24:30,9.71286682232224,99.9828435926202,97.769032,97.769032,9.094167941932,106.86319994193,37.401576,2.42260602,2749.30126908,17729.4297012,19,5,0,109.48787194193,100.393704,2.7514362,3348.6877712,-4.921268,23.711564,0,101.8, -11.8, 1.9,0,0,1024,1024,1024,1024,0,0,0,0,102.7,-89.9,0,65,,,,,,,0,32,106.86319994193,97.769032,14,Waypoint,,KP_2023-03-25_08-14-Flight-Airdata.csv,KP_SW_23-03-25-S2_0593.JPG,2023-03-25 01:24:30
609100,2023-03-25 01:24:49,9.71323272763578,99.9825540649895,98.4252,98.4252,9.094167941932,107.51936794193,37.401576,2.51432056,2581.82751044,18134.1213152,19,5,0,109.48787194193,100.393704,2.7514362,3348.6877712,5.144962,-24.60634,0,102, 12.7, 1.6,0,0,1024,1024,1024,1024,0,0,0,0,102.7,-89.9,0,64,,,,,,,0,32,107.51936794193,98.4252,14,Waypoint,,KP_2023-03-25_08-14-Flight-Airdata.csv,KP_SW_23-03-25-S2_0597.JPG,2023-03-25 01:24:49
611100,2023-03-25 01:24:51,9.71327481645985,99.9823556918757,98.097116,98.097116,9.094167941932,107.19128394193,37.401576,2.40023662,2534.16346692,18207.0871968,19,5,0,109.48787194193,100.393704,2.7514362,3348.6877712,4.921268,-23.48787,0,102.1, 13.6, 1.4,0,0,1024,1024,1024,1024,0,0,0,0,102.7,-89.9,0,64,,,,,,,0,32,107.19128394193,98.097116,14,Waypoint,,KP_2023-03-25_08-14-Flight-Airdata.csv,KP_SW_23-03-25-S2_0598.JPG,2023-03-25 01:24:51
629100,2023-03-25 01:25:09,9.71364892362271,99.9806065240094,98.753284,98.753284,9.094167941932,107.84745194193,37.401576,2.4270799,2174.43248428,18850.7551964,19,5,0,109.48787194193,100.393704,2.7514362,3348.6877712,5.144962,-23.711564,0,102.1, 12.9, 1.7,0,0,1024,1024,1024,1024,0,0,0,0,102.7,-89.9,0,63,,,,,,,0,32,107.84745194193,98.753284,14,Waypoint,,KP_2023-03-25_08-14-Flight-Airdata.csv,KP_SW_23-03-25-S2_0607.JPG,2023-03-25 01:25:09
631200,2023-03-25 01:25:11,9.71369235575377,99.9804022877772,98.753284,98.753284,9.094167941932,107.84745194193,37.401576,2.4270799,2141.21069844,18925.9192408,19,5,0,109.48787194193,100.393704,2.7514362,3348.6877712,5.144962,-23.711564,0,102.1, 13.5, 1.3,0,0,1024,1024,1024,1024,0,0,0,0,102.7,-89.9,0,63,,,,,,,0,32,107.84745194193,98.753284,14,Waypoint,,KP_2023-03-25_08-14-Flight-Airdata.csv,KP_SW_23-03-25-S2_0608.JPG,2023-03-25 01:25:11
927800,2023-03-25 01:30:08,9.71432402860286,99.9817009472677,97.769032,97.769032,9.094167941932,106.86319994193,37.401576,2.4270799,2085.80715336,27161.0572996,19,5,0,109.48787194193,100.393704,2.7514362,3348.6877712,-5.144962,23.711564,0,101.8, -12.7, 1.4,1,0,1024,1024,1024,1024,0,0,0,0,102.3,-89.1,0,45,,,,,,,0,32,106.86319994193,97.769032,14,Waypoint,,KP_2023-03-25_08-14-Flight-Airdata.csv,KP_SW_23-03-25-S2_0721.JPG,2023-03-25 01:30:08
930200,2023-03-25 01:30:10,9.71427400494657,99.9819347644354,97.769032,97.769032,9.094167941932,106.86319994193,37.401576,2.4270799,2141.55518664,27247.1137328,19,5,0,109.48787194193,100.393704,2.7514362,3348.6877712,-5.144962,23.711564,0,101.8, -12.1, 1.3,0,0,1024,1024,1024,1024,0,0,0,0,102.3,-89.1,0,44,,,,,,,0,32,106.86319994193,97.769032,14,Waypoint,,KP_2023-03-25_08-14-Flight-Airdata.csv,KP_SW_23-03-25-S2_0722.JPG,2023-03-25 01:30:10
949000,2023-03-25 01:30:29,9.71459499610451,99.9818538784496,98.4252,98.4252,9.094167941932,107.51936794193,37.401576,2.40023662,2025.27565536,27624.9352672,19,5,0,109.48787194193,100.393704,2.7514362,3348.6877712,4.921268,-23.48787,0,102.2, 13.9, 1.8,0,0,1024,1024,1024,1024,0,0,0,0,102.3,-89.1,0,43,,,,,,,0,32,107.51936794193,98.4252,14,Waypoint,,KP_2023-03-25_08-14-Flight-Airdata.csv,KP_SW_23-03-25-S2_0727.JPG,2023-03-25 01:30:29
951000,2023-03-25 01:30:31,9.71463666219807,99.9816604976092,98.4252,98.4252,9.094167941932,107.51936794193,37.401576,2.42260602,1978.12670372,27696.0966868,19,5,0,109.48787194193,100.393704,2.7514362,3348.6877712,4.921268,-23.711564,0,102.1, 13.1, 1.6,0,0,1024,1024,1024,1024,0,0,0,0,102.3,-89.1,0,43,,,,,,,0,32,107.51936794193,98.4252,14,Waypoint,,KP_2023-03-25_08-14-Flight-Airdata.csv,KP_SW_23-03-25-S2_0728.JPG,2023-03-25 01:30:31
150900,2023-03-26 00:27:28,9.75743562198023,99.9606736873497,97.440948,84.2847796,54.022256321888,138.30703592189,38.713912,2.4382646,132.426841508,3447.1129712,17,5,0,140.60362392189,99.737536,2.58813958,1715.7644906,0,24.382646,0,89.8, -16.4, 1.3,0,0,1024,1024,1024,1024,0,0,0,0,87.7,-90,0,87,,,,,,,0,32,138.30703592189,97.440948,14,Waypoint,,KP_2023-03-26_07-24-Flight-Airdata.csv,KP_NW_23-03-26-S1_0033.JPG,2023-03-26 00:27:28
150100,2023-03-26 00:28:24,9.75599079390424,99.9630173970324,99.409452,142.060372,-5.558613694936,136.50175830506,37.72966,0.3914645,633.62206752,3999.3111516,17,5,0,136.50175830506,99.409452,2.55458548,1671.17459416,-0.894776,3.802798,0,282.1, -12.1, -0.3,0,0,1024,1024,1024,1024,0,0,0,0,278.8,-89.9,0,89,,,,,,,0,32,136.50175830506,99.409452,14,Waypoint,,KP_2023-03-26_07-25-Flight-Airdata.csv,KP_NW_23-03-26-S2_0317.JPG,2023-03-26 00:28:24
153700,2023-03-26 00:28:27,9.75598645091948,99.9630189273681,100.393704,143.208666,-5.722655694936,137.48601030506,37.72966,0.25277422,634.65881296,4004.1667948,17,5,0,137.81409430506,100.721788,2.55458548,1671.17459416,-1.789552,1.789552,0.671082,279.7, 20.5, -12.6,0,0,1024,1024,1024,1024,0,0,0,0,278.8,-89.9,0,89,,,,,,,0,32,137.48601030506,100.393704,14,Waypoint,,KP_2023-03-26_07-25-Flight-Airdata.csv,KP_NW_23-03-26-S2_0318.JPG,2023-03-26 00:28:27
496600,2023-03-26 00:34:10,9.75502103951665,99.9618170709288,98.753284,149.4094536,-13.563863294936,135.84559030506,37.72966,2.41813214,584.33072736,15079.9873592,17,5,0,138.14217830506,101.049872,2.55458548,1971.33208408,-4.697574,23.711564,0,282, 18.6, -0.7,0,0,1024,1024,1024,1024,0,0,0,0,278.8,-89.9,0,66,,,,,,,0,32,135.84559030506,98.753284,14,Waypoint,,KP_2023-03-26_07-25-Flight-Airdata.csv,KP_NW_23-03-26-S2_0469.JPG,2023-03-26 00:34:10
498600,2023-03-26 00:34:12,9.75498174238496,99.9620109787105,99.081368,149.7375376,-13.563863294936,136.17367430506,37.72966,2.41813214,621.23689652,15151.1815872,17,5,0,138.14217830506,101.049872,2.55458548,1971.33208408,-4.697574,23.711564,0,281.9, 19.6, -0.8,0,0,1024,1024,1024,1024,0,0,0,0,278.8,-89.9,0,66,,,,,,,0,32,136.17367430506,99.081368,14,Waypoint,,KP_2023-03-26_07-25-Flight-Airdata.csv,KP_NW_23-03-26-S2_0470.JPG,2023-03-26 00:34:12
721800,2023-03-26 00:37:55,9.75367628300758,99.9654705124168,98.4252,134.4488232,1.068683105064,135.51750630506,37.72966,2.46510788,1815.92525496,22448.0650228,17,5,0,138.79834630506,101.70604,2.55458548,1971.33208408,-4.921268,24.158952,0,282.1, 18.1, 0.3,0,0,1024,1024,1024,1024,0,0,0,0,278.8,-89.9,0,51,,,,,,,0,32,135.51750630506,98.4252,14,Waypoint,,KP_2023-03-26_07-25-Flight-Airdata.csv,KP_NW_23-03-26-S2_0571.JPG,2023-03-26 00:37:55
758700,2023-03-26 00:38:32,9.75376984853283,99.9635163186718,97.769032,148.4252016,-13.563863294936,134.86133830506,37.72966,2.4382646,1280.25594648,23469.9154492,17,5,0,138.79834630506,101.70604,2.55458548,1974.36358024,4.697574,-23.935258,0,282.2, -10, -0.9,0,0,1024,1024,1024,1024,0,0,0,0,278.8,-89.9,0,48,,,,,,,0,32,134.86133830506,97.769032,14,Waypoint,,KP_2023-03-26_07-25-Flight-Airdata.csv,KP_NW_23-03-26-S2_0585.JPG,2023-03-26 00:38:32
780600,2023-03-26 00:38:54,9.75420148124202,99.961380989478,98.097116,148.7532856,-13.563863294936,135.18942230506,37.72966,2.44273848,858.86157604,24253.7081252,17,5,0,138.79834630506,101.70604,2.55458548,1974.36358024,4.921268,-23.935258,0,282.2, -9.5, -2.1,0,0,1024,1024,1024,1024,0,0,0,0,278.8,-89.9,0,47,,,,,,,0,32,135.18942230506,98.097116,14,Waypoint,,KP_2023-03-26_07-25-Flight-Airdata.csv,KP_NW_23-03-26-S2_0596.JPG,2023-03-26 00:38:54
782600,2023-03-26 00:38:56,9.75424141466129,99.9611851646587,98.097116,148.7532856,-13.563863294936,135.18942230506,37.72966,2.4382646,846.3254864,24325.624138,17,5,0,138.79834630506,101.70604,2.55458548,1974.36358024,4.697574,-23.935258,0,282.2, -8.8, -1.8,0,0,1024,1024,1024,1024,0,0,0,0,278.8,-89.9,0,47,,,,,,,0,32,135.18942230506,98.097116,14,Waypoint,,KP_2023-03-26_07-25-Flight-Airdata.csv,KP_NW_23-03-26-S2_0597.JPG,2023-03-26 00:38:56
887300,2023-03-26 00:40:41,9.75390943346966,99.9613291735657,97.769032,148.4252016,-13.563863294936,134.86133830506,37.72966,2.42260602,965.37732748,27745.1780532,17,5,0,138.79834630506,101.70604,2.55458548,1974.36358024,-4.921268,23.711564,0,281.8, 17.7, -0.7,0,0,1024,1024,1024,1024,0,0,0,0,278.8,-89.9,0,39,,,,,,,0,32,134.86133830506,97.769032,14,Waypoint,,KP_2023-03-26_07-25-Flight-Airdata.csv,KP_NW_23-03-26-S2_0644.JPG,2023-03-26 00:40:41
971400,2023-03-26 00:41:09,9.76217534767344,99.958720746632,98.4252,146.5879312,-7.296643278112,139.29128792189,38.713912,0.27738056,1842.34914032,26210.2698676,17,5,0,141.25979192189,100.393704,2.58813958,1843.9305052,-0.671082,2.684328,0,89.5, -19.6, 0.7,0,0,1024,1024,1024,1024,0,0,0,0,87.7,-89.9,0,37,,,,,,,0,32,139.29128792189,98.4252,14,Waypoint,,KP_2023-03-26_07-24-Flight-Airdata.csv,KP_NW_23-03-26-S1_0348.JPG,2023-03-26 00:41:09
921300,2023-03-26 00:41:15,9.75323874990307,99.9646438035783,98.4252,149.0813696,-13.563863294936,135.51750630506,37.72966,2.41813214,1692.96593344,28961.9103756,17,5,0,138.79834630506,101.70604,2.55458548,1974.36358024,-4.697574,23.711564,0,282, 19.1, -0.3,0,0,1024,1024,1024,1024,0,0,0,0,278.8,-89.9,0,37,,,,,,,0,32,135.51750630506,98.4252,14,Waypoint,,KP_2023-03-26_07-25-Flight-Airdata.csv,KP_NW_23-03-26-S2_0661.JPG,2023-03-26 00:41:15
923300,2023-03-26 00:41:17,9.75319910077084,99.9648385930449,98.097116,148.7532856,-13.563863294936,135.18942230506,37.72966,2.4382646,1752.74611908,29033.4326876,17,5,0,138.79834630506,101.70604,2.55458548,1974.36358024,-4.697574,23.935258,0,282, 18.6, -0.4,0,0,1024,1024,1024,1024,0,0,0,0,278.8,-89.9,0,37,,,,,,,0,32,135.18942230506,98.097116,14,Waypoint,,KP_2023-03-26_07-25-Flight-Airdata.csv,KP_NW_23-03-26-S2_0662.JPG,2023-03-26 00:41:17
925500,2023-03-26 00:41:19,9.75315551822452,99.9650543660354,98.097116,148.7532856,-13.563863294936,135.18942230506,37.72966,2.4382646,1819.87210548,29112.6321652,17,5,0,138.79834630506,101.70604,2.55458548,1974.36358024,-4.697574,23.935258,0,282, 16.5, -0.5,0,0,1024,1024,1024,1024,0,0,0,0,278.8,-89.9,0,37,,,,,,,0,32,135.18942230506,98.097116,14,Waypoint,,KP_2023-03-26_07-25-Flight-Airdata.csv,KP_NW_23-03-26-S2_0663.JPG,2023-03-26 00:41:19
391600,2023-03-26 09:57:46,9.66280049447881,100.072531590284,65.944884,73.7860916,-7.8412076,65.944884,29.52756,0.12079476,1564.85241228,5170.2429476,20,5,0,66.929136,66.929136,2.76933172,1881.889824,-0.447388,-1.11847,0.223694,56.7, 23.1, 2.7,0,0,1024,1024,1024,1024,0,0,0,0,58,-89.9,0,76,,,,,,,0,32,65.944884,65.944884,14,Waypoint,,KP_2023-03-26_16-51-Flight-Airdata.csv,KP_SE_23-03-26_0096.JPG,2023-03-26 09:57:46
396400,2023-03-26 09:57:51,9.66272720725251,100.072420355359,65.944884,73.7860916,-7.8412076,65.944884,29.52756,0.04921268,1567.86750424,5221.1943928,20,5,0,66.929136,66.929136,2.76933172,1881.889824,0.223694,0.447388,0,56, -1.4, 1.8,1,0,1024,1024,1024,1024,0,0,0,0,58,-89.9,0,76,,,,,,,0,32,65.944884,65.944884,14,Waypoint,,KP_2023-03-26_16-51-Flight-Airdata.csv,KP_SE_23-03-26_0097.JPG,2023-03-26 09:57:51
656400,2023-03-26 10:02:11,9.66314450159145,100.072333797717,65.6168,73.4580076,-7.8412076,65.6168,29.52756,0.18119214,1420.6365284,7590.0921064,20,5,0,66.929136,66.929136,2.76933172,1881.889824,-0.894776,-1.565858,0,56.7, 23.5, 3,0,0,1024,1024,1024,1024,0,0,0,0,58,-89.9,0,59,,,,,,,0,32,65.6168,65.6168,14,Waypoint,,KP_2023-03-26_16-51-Flight-Airdata.csv,KP_SE_23-03-26_0142.JPG,2023-03-26 10:02:11
661600,2023-03-26 10:02:16,9.66307185860151,100.07222334562,65.288716,73.1299236,-7.8412076,65.288716,29.52756,0.18119214,1423.53351012,7641.7981448,20,5,0,66.929136,66.929136,2.76933172,1881.889824,-0.894776,-1.565858,0,56.8, 23.8, 3,0,0,1024,1024,1024,1024,0,0,0,0,58,-89.9,0,59,,,,,,,0,32,65.288716,65.288716,14,Waypoint,,KP_2023-03-26_16-51-Flight-Airdata.csv,KP_SE_23-03-26_0143.JPG,2023-03-26 10:02:16
290500,2023-04-07 08:28:15,9.69020563614771,100.073765949,98.097116,113.8123396,20.51831922614,134.33065882614,37.401576,1.85218632,1315.82025208,6430.6760588,15,5,0,137.28341482614,101.049872,2.80959664,1315.82025208,-12.526864,-13.645334,0,227.3, 18.7, 1.2,0,0,1024,1024,1024,1024,0,0,0,0,223.8,-89.9,0,84,,,,,,,0,32,134.33065882614,98.097116,14,Waypoint,,KP_2023-04-07_1523-Flight-Airdata.csv,KP_SE_23-04-07-S1_0844.JPG,2023-04-07 08:28:15
294100,2023-04-07 08:28:19,9.69014024732018,100.073700999105,97.112864,112.8280876,20.51831922614,133.34640682614,37.401576,0.21027236,1348.75988568,6467.2246164,15,5,0,137.28341482614,101.049872,2.80959664,1350.0164474,-1.11847,1.789552,0,228, -3.7, -19.6,0,0,1024,1024,1024,1024,0,0,0,0,223.8,-89.9,0,83,,,,,,,0,32,133.34640682614,97.112864,14,Waypoint,,KP_2023-04-07_1523-Flight-Airdata.csv,KP_SE_23-04-07-S1_0845.JPG,2023-04-07 08:28:19
